slope,aspect,twi,rainfall,ndvi,landcover,river_distance,landslide
31.998774,190.11111,14.950398,18771.488,0.7309034,10.0,0.019467136,1
51.42537,262.58194,14.444468,20435.473,0.5915324,10.0,0.018872319,1
42.60727,252.59087,14.717822,20435.473,0.7736828,10.0,0.017794807,1
31.089102,256.018,14.959852,20435.473,0.4451323,30.0,0.012302657,1
34.210606,246.12318,14.859812,20435.473,0.33415088,30.0,0.012201887,1
48.30647,241.58572,14.737554,20435.473,0.74786294,10.0,0.014346632,1
42.703423,181.13527,14.710321,20435.473,0.6003908,10.0,0.0093394555,1
35.6279,37.76158,14.943061,20435.473,0.86021054,10.0,0.006606741,1
42.787277,355.46735,14.581416,20435.473,0.8285297,10.0,0.005315264,1
58.25942,348.91245,14.2546015,20435.473,0.79050344,10.0,0.0019056145,1
41.54988,170.50621,14.890196,18381.56,0.50347334,30.0,0.0059104776,1
34.69481,149.9007,14.439112,18381.56,0.5082574,10.0,0.0062914146,1
43.04464,200.61995,14.549553,18678.152,0.6115165,10.0,0.008358678,1
33.731483,186.28462,14.677692,18678.152,0.43071547,30.0,0.009162816,1
47.217735,78.769905,14.5716305,18381.56,0.4710904,30.0,0.0026949458,1
40.787045,275.3829,14.663542,20614.018,0.7007383,10.0,0.0053898916,1
14.1325035,205.83067,15.469326,20435.473,0.5687619,10.0,0.0015244916,1
19.19274,251.00247,15.166855,20435.473,0.76525056,10.0,0.0007622458,1
39.545464,141.64903,14.693268,22209.299,0.30058965,10.0,0.003430106,1
41.31821,249.52048,13.966908,24495.367,0.62464476,30.0,0.00026949457,1
33.403748,228.48953,15.064637,20435.473,0.41291076,30.0,0.018485444,1
36.490147,220.0081,15.025571,20435.473,0.43035105,30.0,0.018293899,1
35.42381,11.871889,15.051089,20435.473,0.83424515,10.0,0.019139808,1
29.262917,78.33258,15.231726,18427.49,0.7578844,10.0,0.006870791,1
53.678497,1.5411178,14.579778,22209.299,0.8541596,30.0,0.016108925,1
38.43477,20.227312,15.174866,22209.299,0.8099826,10.0,0.017120862,1
49.644196,212.95724,14.642304,19691.213,0.8644249,30.0,0.006109865,1
42.24493,183.46416,14.971999,19691.213,0.8404339,10.0,0.0051768217,1
18.72965,283.81082,15.760685,19691.213,0.8807919,10.0,0.008811278,1
33.47071,242.2768,14.711528,20435.473,0.35642484,30.0,0.0022867373,1
45.59697,225.76746,14.494715,20435.473,0.56157607,10.0,0.0061983755,1
47.42614,310.87106,14.454722,20435.473,0.75355977,10.0,0.009198415,1
48.556446,279.8762,14.632047,20435.473,0.5510192,30.0,0.01722237,1
56.73927,324.84006,14.121154,20435.473,0.73740995,10.0,0.009401461,1
48.620514,267.54794,14.670226,20435.473,0.6977054,10.0,0.018168412,1
20.97615,294.97552,15.065358,20435.473,0.69543046,10.0,0.0077171507,1
32.223183,244.11249,14.769596,22209.299,0.85092264,10.0,0.014562685,1
68.265625,241.05394,13.617149,22209.299,0.6508725,10.0,0.00841928,1
47.083126,242.18643,14.456573,22209.299,0.34389082,30.0,0.00927312,1
13.1620455,128.53615,16.079548,19691.213,0.84913546,10.0,0.006753515,1
45.230804,314.95462,15.043501,19691.213,0.6383201,30.0,0.01511574,1
47.159405,7.799232,14.696527,20005.668,0.83290523,30.0,0.014462597,1
50.875698,265.46884,14.449193,19691.213,0.9873781,10.0,0.0010779783,1
59.32288,316.87103,14.437338,20005.668,0.8015674,10.0,0.0040424187,1
35.13623,333.77628,14.514503,20005.668,0.8819906,10.0,0.008358678,1
36.695545,34.370815,14.880181,20005.668,0.80194986,10.0,0.0067373645,1
63.68041,36.026443,13.635856,19691.213,0.9708424,10.0,0.0030489832,1
22.689356,285.72546,15.716949,19691.213,0.52346027,30.0,0.00210482,1
43.56864,270.0,14.631439,19691.213,0.6730984,30.0,0.0013474729,1
55.96167,156.70811,14.048856,19691.213,0.66997623,10.0,0.0,1
50.863895,22.769787,14.489966,20005.668,0.8619793,10.0,0.0037729242,1
39.3331,8.990274,14.462738,20005.668,0.88898766,10.0,0.0032451446,1
44.12275,221.31383,14.42921,19835.902,0.6976436,10.0,0.0010779783,1
63.900887,77.63669,14.619847,20005.668,0.81990194,10.0,0.002813606,1
53.385136,220.72911,14.646342,19691.213,0.82275766,10.0,0.0021559566,1
40.719074,152.12202,14.740828,19691.213,0.6500415,30.0,0.0059104776,1
54.219807,216.39096,14.548232,19691.213,0.2452812,30.0,0.0070068594,1
38.133884,21.890879,14.482423,20005.668,0.8232191,10.0,0.00157141,1
45.553787,239.46326,14.861453,19691.213,0.76609105,10.0,0.005983751,1
39.232502,215.62634,14.385843,22209.299,0.24069424,30.0,0.008921858,1
48.1344,189.43552,14.448172,22209.299,0.3008366,30.0,0.00942846,1
46.053574,3.0322597,14.875034,22209.299,0.8212646,10.0,0.018025944,1
59.774517,327.07388,14.129538,22209.299,0.6908606,10.0,0.011885292,1
45.12316,357.91223,14.478355,22209.299,0.8318609,10.0,0.01642812,1
37.3216,24.074816,14.775134,22209.299,0.55308765,10.0,0.015091697,1
27.157692,311.50314,14.847575,22209.299,0.5294256,10.0,0.010779783,1
30.649303,21.747799,14.769466,22209.299,0.62464994,10.0,0.004006325,1
46.461533,0.99621356,13.858348,22209.299,0.7072518,10.0,0.0,1
41.5209,341.9418,13.903513,22209.299,0.73214155,10.0,0.00097167655,1
45.890923,199.69145,14.609247,19835.902,0.5744592,30.0,0.008893321,1
57.600063,211.49751,14.72981,19691.213,0.31748807,30.0,0.010846948,1
27.624834,36.464634,14.706245,20005.668,0.79375684,10.0,0.0006026082,1
32.933926,1.6185671,15.128552,20005.668,0.8124771,10.0,0.0007622458,1
44.118645,23.343103,14.8951645,20005.668,0.87330014,10.0,0.0048509026,1
55.197388,8.041824,14.886435,20005.668,0.90734917,10.0,0.004311913,1
27.530474,306.16165,14.889773,20005.668,0.83106554,10.0,0.0035034297,1
33.61225,356.84412,14.801828,20005.668,0.86270434,10.0,0.0035137795,1
35.95696,23.801756,14.24988,22209.299,0.71840805,10.0,0.0007622458,1
49.346073,16.42872,13.98065,20005.668,0.7374529,10.0,0.0026949458,1
22.878057,22.970314,15.306708,20005.668,0.35439134,10.0,0.0024254513,1
42.338554,308.44867,14.685614,19691.213,0.7494297,10.0,0.01014818,1
35.13775,206.23027,15.0363655,19691.213,0.74745095,10.0,0.006405813,1
44.15763,224.2051,14.834077,19691.213,0.53841496,10.0,0.00801265,1
45.993385,342.51462,14.419537,20005.668,0.5503816,10.0,0.00080848375,1
25.344088,321.8207,14.982386,20005.668,0.71848667,10.0,0.00080848375,1
40.135063,214.35178,14.717911,20005.668,0.73792976,10.0,0.00231828,1
56.682556,207.97456,14.346568,19835.902,0.43191442,30.0,0.004581408,1
51.438686,160.39682,14.2584505,20005.668,0.28830343,30.0,0.0062914146,1
41.195007,217.32028,14.541285,19691.213,0.60192496,10.0,0.00595333,1
45.047066,325.50958,13.841728,22209.299,0.71246254,10.0,0.0007622458,1
45.66163,312.8578,13.965066,22209.299,0.7552726,10.0,0.00026949457,1
31.655348,19.053299,14.361052,22209.299,0.6820023,10.0,0.0019056145,1
25.010464,25.5573,14.520989,22209.299,0.73757654,10.0,0.0013474729,1
46.0111,144.3475,13.841346,22209.299,0.46468624,30.0,0.0013474729,1
49.62716,139.20049,14.046868,22209.299,0.38107917,30.0,0.0015244916,1
26.663717,177.91158,14.984972,22209.299,0.33097437,30.0,0.012273104,1
39.549183,181.2698,14.713643,22209.299,0.38748574,10.0,0.012882292,1
40.572895,250.1058,14.641074,22209.299,0.552389,10.0,0.013469338,1
39.097828,162.9772,14.682072,22209.299,0.339647,10.0,0.012692022,1
63.032845,34.5492,13.637364,18678.152,0.84478265,10.0,0.0018078246,1
25.300842,41.11666,15.037242,24034.137,0.71328044,10.0,0.0022867373,1
36.509155,336.70874,13.99802,25576.104,0.6809937,10.0,0.0003811229,1
34.249775,183.08018,13.9198475,25688.568,0.58038306,10.0,0.0010779783,1
39.12752,308.089,13.770441,25576.104,0.61559236,10.0,0.00097167655,1
18.339727,129.40796,14.911743,25576.104,0.57800484,10.0,0.0062914146,1
47.097702,186.83556,14.4272585,25576.104,0.76817495,10.0,0.019134115,1
43.730938,176.71082,14.445424,25576.104,0.68655217,10.0,0.018866546,1
64.20279,226.48407,13.97296,25688.568,0.36949593,30.0,0.022368051,1
39.170994,134.05945,14.562134,25576.104,0.8415101,10.0,0.018436266,1
36.53236,26.378506,14.377658,19722.232,0.5805764,10.0,0.0055295667,1
34.85766,54.476963,14.387172,19722.232,0.6835092,10.0,0.0049545974,1
33.54458,55.836082,14.003288,19722.232,0.6495149,10.0,0.0066723726,1
49.993664,86.10484,13.375401,19722.232,0.42515254,10.0,0.00097167655,1
35.50759,268.69995,14.34263,24034.137,0.7365712,10.0,0.007027559,1
68.29935,53.193375,13.200312,19722.232,0.651653,10.0,0.0035034297,1
43.444405,38.16722,14.029755,19722.232,0.73564714,10.0,0.0021559566,1
37.84767,8.124163e-09,13.912864,24034.137,0.6617724,10.0,0.0037729242,1
39.157925,322.6664,13.946287,21166.617,0.62994903,10.0,0.0048509026,1
32.690525,343.4397,14.055935,22628.705,0.45081124,10.0,0.0018864621,1
42.534805,243.8254,14.523324,25688.568,0.35318717,30.0,0.013909681,1
76.282326,229.00905,14.055187,25688.568,0.49919772,30.0,0.017148413,1
45.12317,177.91179,14.566669,25688.568,0.47028458,30.0,0.016198844,1
51.11815,217.2257,14.486531,25688.568,0.536232,30.0,0.016144952,1
51.321285,220.13039,14.43044,25688.568,0.6721423,30.0,0.016547056,1
47.016575,215.44469,14.60973,28701.984,0.5107917,10.0,0.016314998,1
37.297977,106.03733,14.744338,24495.367,0.66278213,10.0,0.012666246,1
60.728226,3.529009,14.48411,28701.984,0.68291765,10.0,0.016606202,1
40.149403,356.26794,14.443694,28701.984,0.6943719,10.0,0.015363555,1
55.722656,41.387474,14.54861,28701.984,0.68921024,10.0,0.017535795,1
37.00244,322.63257,14.105087,22628.705,0.6249298,10.0,0.0026949458,1
56.9807,257.23666,14.138989,28701.984,0.6283867,10.0,0.012803121,1
44.88613,241.88031,14.821529,28701.984,0.47120458,30.0,0.015546825,1
61.65681,236.024,14.418186,28701.984,0.805972,10.0,0.016225724,1
40.719788,199.89061,15.071564,28701.984,0.5660456,10.0,0.018329594,1
58.11565,106.979294,14.440375,28701.984,0.58532834,10.0,0.021322455,1
23.942616,98.385124,15.191268,28701.984,0.6000446,10.0,0.02121318,1
59.16374,83.897865,13.935157,28701.984,0.43633223,10.0,0.020709042,1
56.61678,77.68176,13.625356,24599.621,0.4295234,30.0,0.0029150296,1
67.631386,96.11866,13.941271,28701.984,0.70197564,30.0,0.018912684,1
26.184528,342.68628,15.008629,19062.879,0.51507384,10.0,0.012079251,1
44.34358,66.57726,14.24603,24599.621,0.7608524,10.0,0.008577382,1
33.6123,3.157896,14.487446,19642.3,0.6979442,10.0,0.0048583825,1
72.057495,63.541424,13.265461,22422.459,0.62735385,30.0,0.0026678604,1
62.43829,116.06226,12.9577465,22422.459,0.68128324,10.0,0.0017256073,1
53.516422,161.0355,13.895619,19642.3,0.40624085,30.0,0.003430106,1
55.198463,152.73079,13.7371645,19642.3,0.54003894,30.0,0.00397904,1
60.54504,109.7701,13.554848,22422.459,0.7586435,10.0,0.0040424187,1
34.20797,70.52628,14.2761345,22422.459,0.76821315,10.0,0.004581408,1
40.155987,86.70043,13.962096,22422.459,0.7544296,10.0,0.004311913,1
40.141354,93.301285,14.566729,24495.367,0.6347161,10.0,0.012127256,1
56.480625,46.66768,14.272952,28701.984,0.66460615,10.0,0.017568897,1
44.889698,103.15011,14.653845,24495.367,0.57443994,30.0,0.011588267,1
38.349735,95.87184,14.570622,24495.367,0.6888011,10.0,0.011318773,1
40.70292,90.0,14.490927,24495.367,0.72258174,10.0,0.011049278,1
48.98801,103.84653,14.759684,24495.367,0.7343837,10.0,0.010510289,1
40.940506,351.50662,14.302935,24495.367,0.7270479,10.0,0.00943231,1
45.11894,330.5189,14.293366,24495.367,0.6883614,10.0,0.008354332,1
55.534794,33.55756,14.427166,28701.984,0.71641403,10.0,0.019783545,1
31.897156,250.23732,14.420019,24495.367,0.416941,30.0,0.0045734746,1
23.28565,19.891644,14.822042,28701.984,0.40253532,10.0,0.004078193,1
37.14368,228.51103,14.10686,24495.367,0.5536781,10.0,0.0011433687,1
35.0018,96.63737,14.797231,28701.984,0.6439047,10.0,0.009569904,1
27.655018,227.18562,14.45055,24495.367,0.3324587,30.0,0.0019056145,1
57.606907,209.19337,13.775621,24495.367,0.4678423,10.0,0.0036256788,1
47.422955,202.75694,13.735926,24495.367,0.298206,30.0,0.0003811229,1
39.714172,173.67406,14.602203,24495.367,0.44076735,30.0,0.007622458,1
60.260117,213.65958,14.179371,24495.367,0.43891326,30.0,0.0028647666,1
34.9575,198.31233,14.202276,24495.367,0.4001192,30.0,0.0017256073,1
49.846706,210.63863,14.182636,24495.367,0.41921782,30.0,0.006479089,1
37.916847,184.04256,14.530637,24495.367,0.21852003,30.0,0.0057168435,1
25.435343,74.19898,14.956665,28701.984,0.45987117,10.0,0.006666928,1
33.78183,217.01093,14.291535,24495.367,0.5018526,30.0,0.0013474729,1
35.452442,50.46417,14.924491,28701.984,0.6325447,10.0,0.012273104,1
37.715572,58.44484,14.78799,28701.984,0.77746564,10.0,0.013114173,1
37.87406,142.27106,14.498842,24495.367,0.3451722,30.0,0.008958415,1
52.690994,217.86203,14.07103,24495.367,0.47355,30.0,0.0055295667,1
38.274517,224.10538,14.20038,24495.367,0.3565669,30.0,0.004192352,1
33.103554,107.33412,14.894156,28701.984,0.6531793,10.0,0.013741582,1
46.006927,239.99245,13.987377,24495.367,0.5019463,10.0,0.0032451446,1
33.616158,148.45592,14.588164,28701.984,0.45227075,30.0,0.004192352,1
36.161358,126.72865,14.59844,28701.984,0.47929168,30.0,0.0038867062,1
32.51711,120.521355,14.546277,28701.984,0.4462339,30.0,0.005204805,1
28.215101,324.54944,14.370457,24495.367,0.7210193,10.0,0.0028647666,1
40.511517,303.32767,14.524411,24495.367,0.7170796,10.0,0.009909195,1
42.03272,127.63015,14.613689,28701.984,0.65692735,10.0,0.012052164,1
44.14206,140.1101,14.526032,28701.984,0.5374201,10.0,0.007487877,1
42.11329,145.45918,14.565188,28701.984,0.4766047,10.0,0.0069076885,1
37.404503,136.03429,14.583088,28701.984,0.2829278,30.0,0.006928684,1
34.398617,145.8428,14.909736,28701.984,0.6095326,10.0,0.0108770365,1
37.68119,146.96628,14.843919,28701.984,0.37381935,30.0,0.009809751,1
38.277317,141.21762,14.520775,24495.367,0.44461253,10.0,0.010510289,1
49.610493,161.85133,14.5149555,28701.984,0.6524923,10.0,0.011166966,1
43.77251,138.02644,14.5658245,24495.367,0.48888248,10.0,0.011857762,1
46.029404,149.19292,14.437065,28701.984,0.36040866,30.0,0.012154176,1
31.900711,109.759834,14.896808,24495.367,0.6037479,10.0,0.011433687,1
28.659554,315.30106,14.220872,24495.367,0.63760746,10.0,0.0017256073,1
46.243496,135.47931,14.296863,24495.367,0.33802563,50.0,0.011131138,1
42.56032,170.82254,14.318295,24495.367,0.3970625,30.0,0.00800358,1
41.522465,161.93213,14.373025,24495.367,0.51977426,30.0,0.010101554,1
60.506527,215.42264,14.376989,20005.668,0.4956646,30.0,0.0061983755,1
43.510098,200.30177,14.645687,20005.668,0.58693784,30.0,0.0048583825,1
41.3803,187.15892,15.076716,19691.213,0.62168694,10.0,0.010318511,1
62.814762,133.63576,14.058377,18681.396,0.4430416,30.0,0.011331598,1
48.02769,124.60347,14.351681,18681.396,0.6412176,30.0,0.010823487,1
13.7299595,131.49413,15.608263,18681.396,0.2068256,60.0,0.0010779783,1
40.045513,113.85827,14.60066,18681.396,0.69883376,10.0,0.011588267,1
44.26407,227.08043,14.598983,18681.396,0.5071644,30.0,0.0075458484,1
57.976513,264.77194,14.487293,18681.396,0.65926343,10.0,0.0027483164,1
38.31456,210.63445,15.11674,18681.396,0.6087806,10.0,0.0058858506,1
37.599663,157.65363,14.792387,22209.299,0.56858534,10.0,0.012666246,1
39.687,145.0153,14.750145,22209.299,0.6164886,30.0,0.013036408,1
29.649637,174.46548,14.571182,22209.299,0.40076444,30.0,0.013485504,1
39.56989,177.46161,14.605276,22209.299,0.4694611,10.0,0.014078352,1
50.506207,140.69554,14.362891,22209.299,0.46818322,30.0,0.014587601,1
38.966953,199.83904,14.68038,21109.633,0.6009,10.0,0.013744224,1
48.871387,128.46031,14.72924,21109.633,0.41708168,30.0,0.014841788,1
39.419807,290.7617,14.794192,21109.633,0.70495015,10.0,0.012666246,1
57.24698,336.404,14.026848,21109.633,0.5641605,10.0,0.0070068594,1
50.14824,0.8752873,14.385973,21109.633,0.5152178,10.0,0.006823058,1
36.39599,246.71681,14.14522,24495.367,0.581194,10.0,0.00026949457,1
37.485954,149.92703,14.164745,24495.367,0.45568553,30.0,0.0016169675,1
27.442862,175.95824,14.3613405,21109.633,0.45440078,30.0,0.00053898914,1
30.33545,165.5111,14.440224,21109.633,0.3523839,30.0,0.00053898914,1
35.954296,148.00375,14.260736,21109.633,0.41250277,30.0,0.00080848375,1
40.074547,149.97902,14.038695,21109.633,0.5334309,30.0,0.0010779783,1
31.724134,210.21725,14.3696785,24495.367,0.36799368,30.0,0.0029644405,1
42.283264,221.61502,13.919541,24495.367,0.3731386,50.0,0.0011111547,1
68.083374,192.32973,12.926288,24495.367,0.35262564,10.0,0.0035955063,1
50.06911,211.3897,13.834674,24495.367,0.3729579,30.0,0.0026678604,1
45.56248,7.613345e-11,14.369414,21109.633,0.60492826,10.0,0.0073557706,1
50.40018,339.6214,14.3955765,21109.633,0.6086004,10.0,0.006204231,1
29.585878,3.6963944,14.886234,21109.633,0.6863691,10.0,0.0063087065,1
49.481453,312.6799,14.129614,21109.633,0.6388659,10.0,0.0053357207,1
50.400883,305.15738,14.141991,21109.633,0.65950346,10.0,0.005148687,1
42.09333,256.52893,14.573293,21109.633,0.5407616,10.0,0.0070533482,1
28.955544,148.04388,14.734555,21109.633,0.36341512,30.0,0.0016169675,1
14.135108,154.1466,15.436995,21109.633,0.48650268,30.0,0.003072711,1
49.8299,234.97452,14.320692,21109.633,0.57749873,10.0,0.0037729242,1
50.34914,155.82262,14.334484,21109.633,0.47124618,30.0,0.00210482,1
39.77126,208.93079,14.391216,24495.367,0.4470567,10.0,0.0040424187,1
44.87066,224.31703,13.894436,24495.367,0.2607183,30.0,0.003811229,1
46.55608,136.10257,14.204836,21109.633,0.2661061,30.0,0.003811229,1
54.713375,164.21648,13.960777,21109.633,0.3536387,30.0,0.0067373645,1
34.743732,163.12514,14.745022,21109.633,0.39214924,30.0,0.0056593865,1
41.70358,177.64563,14.542423,21109.633,0.28133604,30.0,0.0066286903,1
55.50707,228.98672,14.157221,21109.633,0.43660218,10.0,0.01124474,1
22.958096,294.85672,15.244426,24495.367,0.4585409,30.0,0.013744224,1
39.5699,182.53891,14.830317,24495.367,0.16031186,60.0,0.015091697,1
32.246365,320.33505,14.6088085,22667.502,0.4812278,30.0,0.015065205,1
38.272343,224.10077,14.93255,18681.396,0.5947855,30.0,0.0067373645,1
39.154446,203.8653,14.934743,18681.396,0.65338165,10.0,0.008893321,1
51.921494,167.57895,14.352647,18681.396,0.5977289,10.0,0.007815343,1
44.545776,166.0112,14.816458,18681.396,0.420488,30.0,0.010290318,1
37.886738,206.54628,14.992329,18681.396,0.61639124,30.0,0.008628037,1
30.024471,153.68016,15.179915,18681.396,0.42311278,10.0,0.009119117,1
44.265873,132.91621,14.867177,18681.396,0.5464571,30.0,0.0028647666,1
47.544827,218.28542,14.708245,18681.396,0.7592691,10.0,0.010633944,1
47.44769,213.67543,14.986819,18681.396,0.30237502,30.0,0.013541935,1
49.48912,110.22908,14.843295,18681.396,0.49100986,30.0,0.0048583825,1
31.929647,267.02194,14.75921,24495.367,0.48513302,10.0,0.014800136,1
22.958399,245.14368,14.812529,24495.367,0.3343825,30.0,0.004192352,1
46.274174,163.733,14.507605,24495.367,0.35512555,30.0,0.015630687,1
47.35896,312.12943,14.496563,21109.633,0.5777713,10.0,0.014941768,1
40.06955,286.77805,14.636699,24495.367,0.58414805,10.0,0.015493009,1
39.147156,167.00601,14.642891,24495.367,0.26997414,30.0,0.01643917,1
39.31893,253.93668,14.446113,24495.367,0.63028663,30.0,0.015954899,1
27.50513,150.51788,15.405108,21109.633,0.51102304,30.0,0.010130272,1
37.15337,237.71935,14.249816,24495.367,0.45978415,10.0,0.0060979663,1
37.059517,233.11613,14.355459,24495.367,0.4883077,30.0,0.009154886,1
40.33139,220.29976,14.500876,24495.367,0.38731486,30.0,0.009974941,1
41.421047,159.34792,14.586618,21109.633,0.4183432,30.0,0.011575726,1
38.683083,219.8004,14.639653,24495.367,0.3931131,10.0,0.015792474,1
26.065985,206.68196,14.891677,24495.367,0.4237961,10.0,0.015065205,1
26.869276,210.38368,14.941746,24495.367,0.40672863,10.0,0.017622557,1
42.569122,206.00195,14.591106,24495.367,0.382983,10.0,0.015077253,1
30.646006,205.62767,14.855532,24495.367,0.31380737,10.0,0.016153947,1
34.957466,198.31212,14.8230715,24495.367,0.4498993,10.0,0.01581086,1
46.3214,166.86612,14.798642,21109.633,0.44560307,30.0,0.013382788,1
49.94373,219.12372,14.3301,24495.367,0.4787119,30.0,0.01854624,1
41.633812,201.75697,14.571892,24495.367,0.4032975,30.0,0.01668474,1
39.955105,224.36215,14.647141,24495.367,0.42735794,10.0,0.01735679,1
46.183052,212.98993,14.752159,24495.367,0.59939486,10.0,0.016980298,1
31.698717,185.10146,14.737487,24495.367,0.23491359,60.0,0.010101554,1
25.072882,281.9817,15.316661,21109.633,0.52610314,30.0,0.01511574,1
54.73298,215.63162,13.937115,24495.367,0.59169155,10.0,0.0064284485,1
53.63665,274.10083,13.847948,24495.367,0.6035515,10.0,0.0024254513,1
40.009842,226.03142,14.753885,24495.367,0.64277875,10.0,0.0043454696,1
37.566162,214.83585,14.460956,24495.367,0.46716642,30.0,0.0035137795,1
48.622208,270.81708,14.326335,24495.367,0.60028285,10.0,0.00026949457,1
43.0276,122.52161,14.59859,21109.633,0.5210539,30.0,0.005928881,1
51.09343,124.17987,14.575452,21109.633,0.5511311,10.0,0.008893321,1
46.83631,196.96796,14.63346,21109.633,0.2815716,30.0,0.010913699,1
59.683323,145.43825,14.430038,21109.633,0.40185258,30.0,0.014910139,1
57.42353,166.472,14.568652,21109.633,0.35945624,30.0,0.016169675,1
51.369835,154.89801,14.367941,21109.633,0.3789722,30.0,0.01657994,1
36.786182,204.59396,14.974341,21109.633,0.38877282,30.0,0.005148687,1
48.60553,194.0063,14.801897,21109.633,0.6877139,30.0,0.01696104,1
63.183746,341.6597,14.447844,21109.633,0.71002513,30.0,0.013072571,1
44.266224,232.08522,14.778377,19576.125,0.5998907,10.0,0.010833548,1
48.557205,203.82999,14.978166,18681.396,0.3778381,30.0,0.013982588,1
32.236492,115.8732,15.065155,18681.396,0.48430803,30.0,0.00631446,1
20.268213,97.55673,15.649625,18681.396,0.48449284,30.0,0.006388784,1
45.274715,353.7537,15.182409,18049.291,0.7015424,10.0,0.0135714,1
37.12497,340.20773,15.111915,18049.291,0.7015841,30.0,0.011318773,1
31.777401,353.2099,14.824615,19576.125,0.78482234,10.0,0.0019056145,1
40.254032,327.27106,14.488223,18049.291,0.66542125,30.0,0.00026949457,1
33.761517,19.190533,14.659563,19576.125,0.6013444,10.0,0.0007622458,1
23.950445,155.65475,15.419179,18049.291,0.4522903,30.0,0.0016169675,1
44.687492,161.65689,14.967313,18049.291,0.51697636,10.0,0.0029644405,1
59.84944,268.38358,13.9147625,24495.367,0.37486827,10.0,0.0015244916,1
41.93617,273.0987,14.220393,24495.367,0.5461897,30.0,0.0024104328,1
24.281197,291.02856,14.728412,24495.367,0.4684461,30.0,0.0026949458,1
37.638416,247.80003,14.685856,24495.367,0.5170484,30.0,0.003233935,1
65.7807,261.20416,13.337158,24495.367,0.39382052,10.0,0.003233935,1
47.804283,49.77862,14.344149,19576.125,0.65469384,10.0,0.00097167655,1
38.91051,257.25595,14.702647,22088.53,0.38778627,30.0,0.009006927,1
31.177612,266.9329,14.794084,22088.53,0.31616,30.0,0.0069548404,1
35.161964,224.5711,14.671768,22088.53,0.45233792,30.0,0.009535692,1
43.077972,87.02295,14.315785,19576.125,0.57563925,30.0,0.0010779783,1
41.354618,266.83725,14.30707,22088.53,0.42998365,30.0,0.007926074,1
44.09969,254.49785,14.338575,22088.53,0.41173902,30.0,0.007870903,1
37.159733,237.72769,14.809315,22088.53,0.3255946,30.0,0.010671441,1
38.27856,315.88605,14.554191,22088.53,0.6047333,10.0,0.008958415,1
29.580502,270.0,14.85101,22088.53,0.4790889,30.0,0.0062914146,1
44.169136,292.5368,14.452584,22088.53,0.5040201,10.0,0.007073912,1
42.341846,31.496264,14.382203,19576.125,0.5366935,60.0,0.003811229,1
27.842484,18.180231,15.05659,22088.53,0.5553332,30.0,0.008075849,1
49.754528,313.24255,14.422512,22088.53,0.5115953,10.0,0.0058858506,1
39.14504,308.06097,14.622119,22088.53,0.5493133,10.0,0.006405813,1
48.010895,30.725195,14.377103,19576.125,0.33685923,60.0,0.00080848375,1
36.50327,220.04079,15.06059,18049.291,0.47565407,10.0,0.0037729242,1
41.52953,194.36575,14.918173,18049.291,0.30711165,30.0,0.0040424187,1
53.76074,237.72987,14.207773,19576.125,0.40900552,30.0,0.0007622458,1
39.100624,185.17094,14.933005,18049.291,0.2882977,30.0,0.004311913,1
42.999405,239.77287,14.87295,18049.291,0.35704744,30.0,0.004581408,1
33.230385,220.0061,14.842071,18049.291,0.62509006,10.0,0.0028647666,1
41.034367,261.4429,14.705213,19576.125,0.72222555,10.0,0.0014512728,1
42.68614,219.44403,14.905103,18049.291,0.49310756,10.0,0.0053898916,1
54.538708,258.02164,14.3430395,18049.291,0.23864265,10.0,0.0028647666,1
43.06591,31.93547,14.262565,19576.125,0.38428488,60.0,0.0011433687,1
31.123798,283.96246,14.631153,22088.53,0.53878075,10.0,0.0058300593,1
35.695484,25.676262,14.696631,19576.125,0.47807434,10.0,0.006109865,1
33.856167,244.25693,14.652379,19576.125,0.8117092,10.0,0.00097167655,1
37.16353,331.10983,14.611007,19576.125,0.6723072,10.0,0.008084837,1
38.886646,252.47815,14.451779,19576.125,0.7406147,10.0,0.0007622458,1
33.152813,340.34192,14.893144,19576.125,0.6649744,10.0,0.004767846,1
29.267809,36.025055,14.892055,19576.125,0.3617237,30.0,0.0074343393,1
37.07432,350.23273,14.735976,19576.125,0.59760433,10.0,0.005148687,1
25.918743,2.1594589,15.141601,19576.125,0.21911462,60.0,0.008765827,1
40.089466,4.1472674e-09,14.797587,19576.125,0.7287315,10.0,0.0017256073,1
23.627129,357.60092,15.03113,19576.125,0.09560636,60.0,0.0011433687,1
38.03923,353.27954,14.441738,19576.125,0.6946361,10.0,0.0024104328,1
30.320738,24.019285,14.757187,19576.125,0.58172345,30.0,0.0018864621,1
45.99535,17.497873,14.348186,19576.125,0.5948412,10.0,0.0019619502,1
33.680378,22.625198,14.462999,19576.125,0.58408046,60.0,0.003233935,1
57.64663,213.83725,13.766444,19576.125,0.5294,10.0,0.00080848375,1
55.53401,38.94057,13.606275,19576.125,0.48332867,30.0,0.0024846173,1
43.447433,16.858353,14.045529,19576.125,0.55233866,10.0,0.0028647666,1
31.877373,227.40817,14.10143,19576.125,0.4854503,30.0,0.0013474729,1
29.585938,3.6985564,14.8166895,19576.125,0.62977713,10.0,0.0062914146,1
34.24986,3.0835013,14.585281,19576.125,0.70273197,10.0,0.0045734746,1
42.522247,13.86459,14.375783,19576.125,0.5798301,10.0,0.007135248,1
35.340446,343.49646,13.939392,22088.53,0.6762878,10.0,0.0006026082,1
46.79791,281.3985,13.920029,19576.125,0.35734576,60.0,0.0036256788,1
36.9063,18.481398,14.224962,22088.53,0.6614932,10.0,0.0018864621,1
34.24986,356.9165,14.473446,19576.125,0.6521919,10.0,0.004387054,1
29.81311,312.6884,14.532942,19576.125,0.59947914,60.0,0.007027559,1
45.72624,341.25372,13.710975,22088.53,0.6038804,10.0,0.0018864621,1
50.83398,298.3406,13.990061,19576.125,0.55969894,10.0,0.0025424068,1
29.037737,106.95269,15.121018,18049.291,0.6387445,10.0,0.00646787,1
26.891321,171.6955,15.219029,18049.291,0.49432778,30.0,0.0070068594,1
38.37654,196.11008,14.735695,19576.125,0.4375812,30.0,0.0037729242,1
39.986233,217.68803,14.575319,19576.125,0.5676487,30.0,0.004311913,1
42.79413,202.07478,14.83615,19576.125,0.2808972,60.0,0.0057674358,1
36.08751,224.70871,14.958019,19576.125,0.48204842,30.0,0.00800358,1
40.194553,265.6047,14.9875965,19576.125,0.66596496,10.0,0.0097205015,1
43.07381,218.81702,14.701265,19576.125,0.5756986,10.0,0.010069149,1
37.482002,193.81737,14.884919,19576.125,0.16837922,60.0,0.011331598,1
40.462128,232.60384,14.80301,19576.125,0.35522246,10.0,0.010993266,1
40.255577,353.79187,14.1813965,19576.125,0.64756244,60.0,0.003013041,1
46.438393,157.47076,13.911796,22088.53,0.35849297,30.0,0.00210482,1
44.071705,162.38225,13.769423,19576.125,0.28896195,60.0,0.0003811229,1
41.710762,199.19272,14.487256,22088.53,0.40003982,10.0,0.0024254513,1
61.766853,178.30956,13.71894,22088.53,0.24640365,30.0,0.0027483164,1
39.84179,129.80766,14.636781,19576.125,0.5258741,30.0,0.0003811229,1
40.50816,194.9065,13.948399,19576.125,0.43993014,30.0,0.0022867373,1
57.010372,139.16513,13.856787,19576.125,0.46328887,60.0,0.0007622458,1
41.346268,196.94188,14.627299,22088.53,0.5564041,10.0,0.0037729242,1
33.68127,157.37016,14.426633,19576.125,0.3800511,30.0,0.0035034297,1
54.67126,249.16444,13.83341,19576.125,0.33771852,60.0,0.0011433687,1
34.808037,215.41795,14.331021,19576.125,0.38139078,30.0,0.0007622458,1
50.92271,182.55707,13.739209,19576.125,0.24879427,60.0,0.0007622458,1
43.98322,255.4283,14.047355,19576.125,0.5517658,10.0,0.0016169675,1
39.06714,276.87216,14.410619,19576.125,0.41394627,30.0,0.0053898916,1
49.026108,245.05386,14.382945,19576.125,0.34554568,30.0,0.01564462,1
52.246605,239.90616,14.413609,19576.125,0.4336573,30.0,0.015436654,1
36.570362,242.72713,14.934176,19576.125,0.6141535,10.0,0.014293379,1
63.73053,312.15512,13.980912,18786.32,0.65987396,10.0,0.01326012,1
10.55608,197.15022,16.12478,18786.32,0.5831369,10.0,0.012127256,1
27.630024,143.51828,14.931127,24495.367,0.42700693,30.0,0.012769039,1
29.809381,132.69637,14.893739,24495.367,0.47281376,30.0,0.013150121,1
28.009367,266.5105,14.312517,24495.367,0.7245789,10.0,0.0,1
32.211266,261.1315,14.394449,24495.367,0.6361945,10.0,0.0,1
47.447037,257.11978,13.95305,24495.367,0.5246384,10.0,0.0024254513,1
51.4993,312.03513,13.289308,24495.367,0.51715446,50.0,0.00026949457,1
42.352367,280.22855,14.092115,22088.53,0.42234525,10.0,0.0024254513,1
45.031715,350.52634,14.055494,22088.53,0.6607292,10.0,0.008840079,1
69.69338,245.20888,13.379267,22088.53,0.45124054,30.0,0.00026949457,1
35.632523,95.18288,14.590732,24599.621,0.47527647,10.0,0.004485284,1
38.675953,79.5133,14.782853,28701.984,0.7278407,10.0,0.016288267,1
37.824326,343.56467,14.666239,24599.621,0.6515932,10.0,0.010779783,1
37.82433,343.56464,14.536086,24599.621,0.7213902,10.0,0.010510289,1
46.66775,353.0569,14.473534,24599.621,0.5324546,10.0,0.010240794,1
43.347775,330.9998,14.407547,24599.621,0.73920065,10.0,0.008893321,1
35.289707,349.56952,14.395131,24599.621,0.6855011,10.0,0.008623826,1
35.004177,75.27,13.992364,24599.621,0.63014144,10.0,0.0045734746,1
48.88696,132.69872,13.888063,24599.621,0.42882067,30.0,0.005928881,1
38.127014,204.8379,14.596713,22422.459,0.47722414,60.0,0.0026678604,1
36.593334,236.97166,14.013132,22088.53,0.62366754,10.0,0.00026949457,1
25.913313,281.53146,14.700799,22088.53,0.45878732,30.0,0.0053357207,1
26.309368,242.71867,14.832423,22088.53,0.45450583,60.0,0.006860212,1
40.980953,288.4686,14.625672,22088.53,0.61933047,10.0,0.0053898916,1
46.61052,287.8212,13.829328,22088.53,0.49770775,10.0,0.003811229,1
41.775536,184.70296,14.165508,22088.53,0.26936316,60.0,0.0038585754,1
65.03003,258.69733,13.215455,22088.53,0.41881946,60.0,0.0013474729,1
22.548569,159.34047,15.038811,22088.53,0.47637248,30.0,0.0060561374,1
43.31421,262.1051,13.635797,22088.53,0.41335943,60.0,0.00026949457,1
63.80417,269.5437,13.3659525,22088.53,0.397781,10.0,0.00026949457,1
31.320879,133.76176,14.496731,22088.53,0.45026407,30.0,0.0059104776,1
25.887829,140.10088,14.920666,22088.53,0.33764917,60.0,0.007926074,1
46.07278,278.97055,14.028199,22088.53,0.48140675,10.0,0.0018864621,1
38.240944,272.35446,14.3115,22088.53,0.6005479,10.0,0.0016169675,1
45.26701,195.79208,14.062947,22088.53,0.41283277,30.0,0.00097167655,1
69.151085,207.40733,13.366449,22088.53,0.36500588,30.0,0.0018864621,1
49.86476,190.6779,13.932749,22088.53,0.31224766,30.0,0.002654214,1
54.275158,209.1667,14.06652,22088.53,0.6300599,10.0,0.0017256073,1
37.55017,188.21812,14.664102,22088.53,0.4769673,60.0,0.004581408,1
33.084953,23.174408,14.662883,22088.53,0.76733416,10.0,0.00053898914,1
49.364613,116.394066,14.478047,19642.3,0.65199786,60.0,0.012367424,1
38.69068,136.68938,14.370378,19642.3,0.6361338,10.0,0.006742752,1
32.954166,81.38326,14.734441,19642.3,0.75477016,10.0,0.01213025,1
40.06111,113.84427,14.416189,22422.459,0.5216141,30.0,0.0062914146,1
43.316513,82.10576,14.656061,19642.3,0.72424173,10.0,0.012127256,1
43.60381,90.97388,14.751878,19642.3,0.76839775,10.0,0.011857762,1
38.866627,91.1509,14.9069395,19642.3,0.7394893,10.0,0.011588267,1
31.436245,68.23812,15.009313,19642.3,0.77902186,10.0,0.011078817,1
36.08989,101.52905,14.224257,22422.459,0.5520738,30.0,0.0048509026,1
30.32146,24.023,14.520535,19642.3,0.40662107,10.0,0.0,1
25.561445,11.037406,14.741224,22088.53,0.7304463,10.0,0.00080848375,1
30.981052,33.301167,14.755934,22088.53,0.73430485,10.0,0.0024846173,1
48.19663,182.81607,14.617579,22088.53,0.4043157,30.0,0.004387054,1
41.025948,161.59505,14.675995,22088.53,0.55189705,10.0,0.0026949458,1
45.75203,228.52684,14.192987,22088.53,0.4430786,30.0,0.0036156492,1
26.052124,228.527,15.086305,22088.53,0.7007633,10.0,0.0043538185,1
49.08283,147.33566,14.26706,24116.514,0.5310056,10.0,0.010290318,1
25.355808,157.26498,15.079122,22088.53,0.4703585,30.0,0.004613004,1
41.618317,133.8202,14.651867,24116.514,0.6525095,30.0,0.009528073,1
40.366173,141.33174,14.7550745,24116.514,0.65703094,10.0,0.008958415,1
43.61987,91.946945,14.126633,22422.459,0.42331484,30.0,0.0029644405,1
30.66924,169.32094,14.615218,19642.3,0.7403482,10.0,0.0017256073,1
43.24998,191.22723,14.226884,19642.3,0.50855994,10.0,0.0007622458,1
36.91104,165.8865,14.194059,19642.3,0.48319072,30.0,0.00080848375,1
56.993317,99.075,13.404333,22422.459,0.36677602,60.0,0.0029644405,1
39.192738,153.30348,14.221399,22422.459,0.6055076,30.0,0.00026949457,1
35.17219,171.02827,14.866959,19642.3,0.5323945,30.0,0.0015244916,1
27.19016,192.35237,15.287011,19642.3,0.53360707,30.0,0.0017256073,1
45.00076,166.22554,14.430833,19642.3,0.45344815,30.0,0.0010779783,1
27.733948,202.53215,14.766364,19642.3,0.6357665,30.0,0.0026678604,1
32.289852,198.59201,14.738982,19642.3,0.4831766,30.0,0.00210482,1
41.164223,178.79965,14.541343,19642.3,0.48459673,30.0,0.0013474729,1
33.38302,155.35895,14.848722,19642.3,0.5168171,30.0,0.0017256073,1
34.877937,176.9875,14.645338,19642.3,0.41462824,30.0,0.0022867373,1
41.654594,190.67938,14.555128,19642.3,0.5768117,10.0,0.003430106,1
42.01469,197.75656,14.547591,19642.3,0.62085366,10.0,0.0036256788,1
56.29195,144.08997,14.052087,19642.3,0.3396443,30.0,0.0021559566,1
38.987404,125.44895,14.316514,22422.459,0.5965817,10.0,0.0021559566,1
27.217691,112.190605,14.952277,19642.3,0.3969384,30.0,0.0037729242,1
32.535076,188.25404,14.869128,19642.3,0.5308035,30.0,0.0056849946,1
29.547512,181.85165,15.016332,19642.3,0.46241125,30.0,0.006145422,1
30.336779,194.50072,14.984359,19642.3,0.6153817,10.0,0.006523773,1
28.13093,141.92638,15.061489,19642.3,0.73845696,10.0,0.0061572287,1
36.204174,108.035225,14.827169,19642.3,0.39756626,30.0,0.0056593865,1
43.977974,145.28708,14.611166,19642.3,0.59219056,30.0,0.006405813,1
31.698847,174.89528,14.775969,21284.248,0.5702049,10.0,0.0057168435,1
40.508453,165.09128,14.469633,19454.512,0.49532768,30.0,0.006479089,1
38.41623,132.34523,14.642524,20132.086,0.5023581,30.0,0.0060979663,1
45.58121,118.41661,14.417593,20132.086,0.4637441,30.0,0.0060979663,1
27.5462,138.14597,14.80296,20132.086,0.5211215,30.0,0.0055295667,1
42.779095,58.34387,14.182289,20132.086,0.7111129,10.0,0.0017256073,1
46.489166,73.023384,13.93319,20132.086,0.58167934,10.0,0.0019056145,1
43.335247,76.10187,14.101063,20132.086,0.45778912,30.0,0.0028647666,1
41.82937,174.12656,14.338582,20132.086,0.5072329,10.0,0.0,1
45.485485,189.32825,14.088218,20132.086,0.56819725,10.0,0.0013474729,1
62.64736,115.81372,14.041543,18659.506,0.40457335,30.0,0.0066723726,1
45.23018,78.88968,14.075567,20132.086,0.53218937,30.0,0.0022867373,1
42.002094,77.54198,14.398756,20132.086,0.7379527,10.0,0.003430106,1
32.604244,76.834076,14.620047,18659.506,0.6441081,30.0,0.0036156492,1
36.95529,222.98169,14.548896,20132.086,0.4391045,60.0,0.0030489832,1
39.536015,257.54138,14.807114,18786.32,0.4743697,30.0,0.0120068835,1
69.10463,252.00099,13.970761,18786.32,0.41670486,30.0,0.008509374,1
34.032967,282.45813,14.579471,18786.32,0.53485346,30.0,0.0053898916,1
49.791504,182.6626,13.914514,18786.32,0.27221835,30.0,0.0018864621,1
61.78718,143.86751,13.975375,18786.32,0.4039486,60.0,0.00026949457,1
44.215935,297.7643,14.363214,18786.32,0.66683847,10.0,0.0068017356,1
42.269337,288.6972,14.597983,18786.32,0.75792325,10.0,0.0006026082,1
55.891758,296.71143,13.995173,18786.32,0.4119443,10.0,0.006860212,1
33.904247,258.89026,14.984221,18786.32,0.6235374,30.0,0.0015244916,1
49.43188,286.92014,13.903177,18786.32,0.5252177,10.0,0.0055295667,1
38.222412,160.99747,14.637816,18786.32,0.17400362,30.0,0.008354332,1
38.665775,124.50311,14.613187,18786.32,0.36661196,30.0,0.010510289,1
22.709835,211.68506,14.645487,18786.32,0.37612596,30.0,0.00097167655,1
10.832626,120.503105,15.746875,18786.32,0.033379477,30.0,0.0045734746,1
57.66682,234.26363,14.014731,18786.32,0.33703366,30.0,0.0030489832,1
36.854385,118.36646,15.076296,18786.32,0.5172446,30.0,0.00800358,1
41.940113,136.10793,15.120344,18786.32,0.46404594,30.0,0.010290318,1
53.20052,141.91858,14.578871,18786.32,0.24224229,30.0,0.01124474,1
37.521908,114.935165,15.039524,18786.32,0.6226367,30.0,0.00397904,1
47.001205,76.913574,14.668362,16345.739,0.70345193,10.0,0.0006026082,1
59.43719,151.57614,14.149877,18786.32,0.22249621,30.0,0.0026678604,1
64.80021,157.17519,13.769893,18786.32,0.2940997,30.0,0.0006026082,1
51.885227,219.22452,14.712495,18786.32,0.25896734,30.0,0.003811229,1
55.41105,341.58984,13.859801,18786.32,0.48449454,60.0,0.0026678604,1
31.281376,115.23294,14.734888,18786.32,0.40404162,30.0,0.0011433687,1
13.470939,57.27393,15.504613,18786.32,0.44714734,30.0,0.005148687,1
44.10249,79.412704,14.377068,18786.32,0.42105713,30.0,0.0062914146,1
37.32857,155.89287,14.732087,18786.32,0.22455902,30.0,0.014060284,1
26.091059,103.3792,15.080893,18786.32,0.43585098,30.0,0.0015244916,1
37.36007,158.89891,14.464725,18786.32,0.28096753,30.0,0.00026949457,1
34.223763,224.44275,15.086503,17105.393,0.54988855,10.0,0.008864692,1
42.921917,209.50208,15.12491,17105.393,0.5338057,30.0,0.008897403,1
36.93488,272.46823,15.237278,17105.393,0.65131706,10.0,0.009146949,1
31.555912,147.50781,15.019577,16345.739,0.6803809,10.0,0.011700535,1
32.49185,15.011903,15.444522,16345.739,0.7203115,30.0,0.010482612,1
51.204956,51.345413,14.622072,16345.739,0.6274181,30.0,0.008196358,1
33.090214,6.460079,14.941595,16345.739,0.751047,10.0,0.008196358,1
51.22756,26.211256,14.503844,16345.739,0.7657101,10.0,0.009528073,1
53.767334,152.82776,14.309205,14749.416,0.42281374,30.0,0.0006026082,1
48.27013,108.51992,14.651705,16345.739,0.28915834,30.0,0.0045734746,1
33.88399,214.95996,14.936387,18786.32,0.1068112,60.0,0.00053898914,1
48.632656,199.80803,14.463031,18786.32,0.1585807,60.0,0.0016169675,1
58.431248,148.80496,14.411015,18786.32,0.07968406,60.0,0.004613004,1
40.176514,93.29717,14.59912,16345.739,0.3485454,30.0,0.0016169675,1
36.51047,164.196,15.353076,16345.739,0.47685903,30.0,0.0139773935,1
27.007128,139.66318,15.333219,16345.739,0.56756955,30.0,0.015306723,1
47.04445,5.8769927,14.963517,16345.739,0.71700835,10.0,0.013531204,1
30.732727,99.4024,15.167409,16345.739,0.5433987,30.0,0.017531654,1
45.203465,139.0639,14.861044,16345.739,0.5451181,30.0,0.010290318,1
35.332993,111.42966,15.290048,16345.739,0.2994378,60.0,0.01238796,1
30.919395,180.0,15.24172,16345.739,0.58589035,30.0,0.0062914146,1
57.920425,133.62726,14.52541,14749.416,0.26181677,60.0,0.004387054,1
29.276484,216.05301,14.795728,16345.739,0.44509444,30.0,0.00097167655,1
41.630196,143.26294,15.229187,14749.416,0.3521985,30.0,0.01124474,1
49.101143,197.54565,13.910948,20132.086,0.6306014,10.0,0.0019056145,1
50.58863,111.04852,14.171571,20132.086,0.24955818,30.0,0.005148687,1
43.825314,110.74296,14.317094,20132.086,0.36585853,30.0,0.0060979663,1
47.252483,92.57273,14.301376,20132.086,0.63328904,30.0,0.0059104776,1
14.4934635,97.194954,15.416508,20132.086,0.3356685,30.0,0.005148687,1
43.120872,37.329998,14.36592,20132.086,0.61952657,30.0,0.0059104776,1
30.83962,100.94042,15.063545,20132.086,0.55956525,30.0,0.0070533482,1
20.837667,50.360474,14.829768,20132.086,0.7078126,10.0,0.007622458,1
50.89118,107.618065,14.006758,20132.086,0.4861359,60.0,0.0035034297,1
41.938004,43.88767,14.492312,20132.086,0.6784542,10.0,0.007276354,1
43.236053,204.1504,14.422853,20132.086,0.29901662,60.0,0.0028647666,1
52.65693,82.90527,14.447839,20132.086,0.50090766,30.0,0.0013474729,1
45.88054,222.45631,14.2265,20132.086,0.5714079,30.0,0.00097167655,1
39.986847,195.19455,14.5128975,20132.086,0.42492113,30.0,0.0028647666,1
36.660732,114.40755,15.023389,20132.086,0.6156143,30.0,0.0053357207,1
45.745377,91.80763,14.269863,20132.086,0.55458975,30.0,0.0059104776,1
43.53901,188.87169,14.227805,20132.086,0.37289947,30.0,0.0007622458,1
44.571697,189.634,14.59127,20132.086,0.27568993,60.0,0.0028647666,1
32.914974,198.13795,14.667771,20132.086,0.2545043,30.0,0.0036256788,1
46.870453,137.99033,14.190953,20132.086,0.63231325,10.0,0.0057168435,1
34.83965,24.903975,14.594485,20132.086,0.5713071,10.0,0.007815343,1
42.046013,127.60956,14.061171,20132.086,0.5072237,30.0,0.0016169675,1
47.123806,121.739136,13.767465,20132.086,0.5703921,10.0,0.00053898914,1
63.826862,133.17361,13.646149,20132.086,0.3887344,30.0,0.0016169675,1
34.402935,81.846,14.294956,20132.086,0.60018396,10.0,0.0011111547,1
35.069553,117.46316,14.413292,20132.086,0.53402275,10.0,0.0019619502,1
43.635456,131.46278,14.046653,20132.086,0.47916266,10.0,0.0019056145,1
42.236668,129.93129,14.065333,20132.086,0.41081753,30.0,0.0022867373,1
47.25844,134.6756,14.030924,20132.086,0.40888104,30.0,0.0024846173,1
62.565346,92.89009,13.747441,20132.086,0.30933404,30.0,0.0032451446,1
46.74514,89.12732,14.544396,20132.086,0.57515055,30.0,0.0037729242,1
38.440517,20.259323,14.813193,20913.465,0.6871843,10.0,0.008623826,1
33.074196,327.68472,14.913147,20913.465,0.8107473,10.0,0.00080848375,1
37.658657,112.18289,14.522791,20132.086,0.75977683,10.0,0.00053898914,1
19.454428,313.427,15.303669,20913.465,0.6645652,60.0,0.00026949457,1
28.633047,42.162487,15.162712,20913.465,0.4629665,60.0,0.007815343,1
65.64843,103.99151,13.55886,20132.086,0.36538512,30.0,0.0037729242,1
29.396748,326.4332,15.004449,20913.465,0.7557976,10.0,0.0,1
43.731083,176.70583,14.64016,20132.086,0.70683885,10.0,0.0022867373,1
56.860394,117.711494,13.790125,20132.086,0.352503,30.0,0.0024846173,1
40.332905,197.58159,14.579816,20132.086,0.40039805,30.0,0.0026949458,1
43.416042,138.8312,14.290839,20132.086,0.44146207,60.0,0.006479089,1
40.116184,182.49228,14.75582,20132.086,0.4423151,30.0,0.005148687,1
32.414906,72.186584,14.2644415,18659.506,0.5294231,10.0,0.0028647666,1
42.378876,124.590836,14.8176775,20132.086,0.71876603,10.0,0.012577056,1
37.269344,125.05576,14.915716,20132.086,0.7029657,10.0,0.012958178,1
28.374092,79.64036,15.107406,20132.086,0.75040805,10.0,0.014293379,1
41.962032,106.74047,14.826796,20132.086,0.8182004,10.0,0.012769039,1
34.451435,187.67598,15.199148,19149.54,0.49268514,30.0,0.015476593,1
34.939735,130.44894,15.671843,18101.326,0.3783647,30.0,0.013150121,1
15.59127,318.9519,15.640193,20913.465,0.56038034,60.0,0.0006026082,1
37.84767,3.5385746e-11,14.518823,20913.465,0.7003539,60.0,0.0024254513,1
54.523167,191.2973,14.242827,20913.465,0.6664616,10.0,0.00210482,1
58.16867,120.16256,14.216469,19149.54,0.43662363,30.0,0.015363555,1
49.255657,214.63554,14.482148,19149.54,0.3950697,30.0,0.0059104776,1
42.676327,161.45636,15.000344,19149.54,0.62826633,10.0,0.017218152,1
45.34693,112.57112,14.6470785,19149.54,0.5070898,60.0,0.015667813,1
40.413315,155.86119,15.029733,19149.54,0.43950433,30.0,0.015033837,1
34.796696,116.26901,14.797211,19149.54,0.38339815,30.0,0.013662073,1
53.0376,226.98608,14.553017,19149.54,0.63272905,10.0,0.0074343393,1
35.16537,135.42154,14.381763,22088.53,0.41773018,30.0,0.0048509026,1
42.176067,164.76395,14.43299,22088.53,0.51100254,30.0,0.0054501905,1
36.378765,188.57861,14.7139225,22088.53,0.49705833,60.0,0.0024846173,1
38.993484,178.70369,14.813977,22088.53,0.30093142,30.0,0.0097205015,1
37.902,200.66376,14.950534,22088.53,0.15896861,30.0,0.012201887,1
40.17852,25.710175,14.590934,24116.514,0.7863387,10.0,0.0026678604,1
37.66931,256.66495,14.880212,20913.465,0.5243858,30.0,0.009660545,1
13.646114,137.1765,15.47276,19370.934,0.5975008,30.0,0.00210482,1
54.007683,87.30432,14.756684,19370.934,0.38951385,30.0,0.004311913,1
54.599155,156.9777,14.858338,16637.377,0.27087533,100.0,0.0037729242,1
40.196217,184.97891,14.979271,18266.062,0.43811056,60.0,0.010863674,1
48.238297,79.16957,14.87666,19149.54,0.41133317,60.0,0.011961431,1
31.777843,6.7984033,15.402274,19149.54,0.5253431,10.0,0.013339302,1
32.982765,81.39275,15.011216,19149.54,0.47286645,30.0,0.0007622458,1
53.43214,184.68044,14.45412,18266.062,0.15312652,60.0,0.0024846173,1
30.86449,144.3484,15.290021,18266.062,0.39309567,60.0,0.00097167655,1
54.08972,104.25103,14.302544,20631.844,0.43674704,30.0,0.00053898914,1
40.51033,345.07703,15.194267,20631.844,0.7384348,10.0,0.0036256788,1
30.349455,54.50781,15.123069,20631.844,0.7263762,10.0,0.0019056145,1
55.35676,112.35214,14.921109,19370.934,0.528233,10.0,0.0043454696,1
35.57232,71.525955,15.349994,18101.326,0.7221233,10.0,0.00821406,1
47.698208,108.0197,15.017876,18101.326,0.55376107,30.0,0.010169627,1
38.94316,93.44512,15.040832,18101.326,0.6270384,30.0,0.008970568,1
30.168228,329.6909,15.36917,19395.494,0.7489295,10.0,0.003072711,1
38.327866,30.680588,15.438624,19395.494,0.4282106,30.0,0.012617413,1
33.460007,28.140879,15.34751,19395.494,0.6012156,30.0,0.0064902892,1
49.326164,338.75275,14.832364,20631.844,0.6950104,10.0,0.0018864621,1
32.25431,41.935143,15.027776,20631.844,0.4870291,30.0,0.0031543532,1
33.579422,50.6562,15.021336,19395.494,0.51248133,30.0,0.013339302,1
49.550945,67.267944,14.866744,19395.494,0.44244403,30.0,0.014293379,1
61.561115,135.96255,14.409738,19370.934,0.4121086,30.0,0.004387054,1
44.52534,68.77195,14.535357,20631.844,0.66795546,10.0,0.0007622458,1
32.692142,90.0,15.395501,19370.934,0.4622812,30.0,0.0056593865,1
16.934505,133.72092,15.3130045,20631.844,0.2228267,60.0,0.0014512728,1
50.674706,119.38493,14.35699,20631.844,0.5515692,30.0,0.0030489832,1
34.36762,151.14006,14.975793,20631.844,0.42967266,30.0,0.008560431,1
32.777817,52.889297,15.307626,20631.844,0.36786297,60.0,0.00801265,1
34.550507,32.186195,15.019516,20631.844,0.4669977,60.0,0.013852127,1
31.66033,13.764425,15.216206,20631.844,0.6940112,30.0,0.00841928,1
27.738546,337.44095,15.256487,20631.844,0.7777628,10.0,0.0077077337,1
26.4557,340.62848,15.809121,19395.494,0.4197456,30.0,0.012882292,1
24.897423,56.07945,15.389481,20631.844,0.61115736,10.0,0.007276354,1
39.558353,11.526653,15.2372465,19395.494,0.59059,10.0,0.0048583825,1
28.177856,45.97148,15.294905,20631.844,0.62172604,30.0,0.004006325,1
31.26193,122.22748,14.7726,20631.844,0.4583865,30.0,0.0006026082,1
39.152786,121.12598,14.725215,20631.844,0.5866029,10.0,0.0006026082,1
40.57101,48.569725,15.373953,19395.494,0.47946036,30.0,0.0042610834,1
38.147057,73.22931,15.189121,20631.844,0.6540739,10.0,0.0003811229,1
44.2986,47.144596,14.978848,20631.844,0.6658713,10.0,0.0003811229,1
32.894867,58.29301,15.269229,19395.494,0.6948494,10.0,0.0053898916,1
59.209766,243.65846,14.794028,19370.934,0.29017082,100.0,0.0036256788,1
48.60095,75.95958,15.082256,20631.844,0.6543623,10.0,0.007241335,1
40.84539,55.825783,14.767839,20631.844,0.6900916,10.0,0.0074343393,1
30.76761,29.53142,15.303606,20631.844,0.8220567,10.0,0.0037536253,1
22.999447,187.44818,16.10598,19370.934,0.30443826,100.0,0.0022867373,1
39.118183,40.849243,14.918158,20631.844,0.7601978,10.0,0.00053898914,1
36.10837,44.752945,15.089684,20631.844,0.6917726,10.0,0.004192352,1
37.975037,53.029583,14.927674,18642.445,0.6972908,10.0,0.00026949457,1
44.59837,148.61078,15.111817,18642.445,0.46907768,30.0,0.0017256073,1
38.380196,196.13605,15.202852,18642.445,0.5313186,10.0,0.009974941,1
27.757862,70.22459,15.030858,17494.824,0.5915971,10.0,0.0069964863,1
36.94592,90.0,14.881484,18642.445,0.6663927,10.0,0.0056849946,1
58.895397,65.16699,14.291484,18114.395,0.5516994,30.0,0.0061983755,1
27.232626,93.606735,15.432473,17494.824,0.62561554,30.0,0.006860212,1
27.523035,108.09896,15.406266,17494.824,0.5242919,10.0,0.0066286903,1
47.77145,87.47366,14.977325,17494.824,0.56828547,30.0,0.006666928,1
57.929,77.701416,14.649853,17494.824,0.6285933,10.0,0.0045893276,1
34.54388,106.39018,14.972878,17494.824,0.64794564,30.0,0.004767846,1
48.042637,106.92231,14.598186,17494.824,0.31610012,30.0,0.0017256073,1
54.47009,84.69399,14.864497,17494.824,0.42008975,30.0,0.0037729242,1
37.67742,229.47276,14.990978,18642.445,0.38439032,30.0,0.007815343,1
49.417473,129.63077,15.076377,18642.445,0.23694122,100.0,0.008958415,1
44.998985,144.03903,14.827005,18642.445,0.356214,30.0,0.004192352,1
33.085472,147.64578,15.717672,15685.598,0.2772881,30.0,0.0026678604,1
41.38957,203.30554,15.501462,16814.41,0.18263449,60.0,0.0,1
46.69691,80.33899,15.369306,16814.41,0.24339433,70.0,0.016769407,1
67.39303,125.90441,14.331478,16814.41,0.24741751,100.0,0.0053898916,1
58.295296,134.4248,14.768674,16814.41,0.33009663,100.0,0.011433687,1
51.394726,135.306,14.922648,16814.41,0.1487944,60.0,0.017218152,1
50.478416,87.70393,15.226688,16814.41,0.34214404,100.0,0.0067373645,1
50.545628,126.83509,15.003749,17494.824,0.46916026,30.0,0.0017256073,1
44.761875,101.29582,15.482755,17494.824,0.44170254,30.0,0.0027746165,1
40.42121,134.687,14.995014,17494.824,0.42133945,30.0,0.0013474729,1
42.1699,114.27044,15.229241,17494.824,0.522016,30.0,0.0032451446,1
13.033387,119.30884,16.443607,17494.824,0.66653633,10.0,0.0062914146,1
44.073025,123.48836,15.101656,15858.572,0.2838517,100.0,0.008196358,1
32.291,64.18529,15.16115,15858.572,0.40715027,30.0,0.0030489832,1
28.244444,124.92784,15.778829,15858.572,0.267128,60.0,0.0060561374,1
10.540796,150.45358,16.263496,15858.572,0.39666674,60.0,0.0059350026,1
41.1563,50.974426,15.332615,15858.572,0.36764795,30.0,0.0024846173,1
57.39354,132.30527,14.927488,16814.41,0.07824059,60.0,0.014552708,1
58.332645,108.03127,14.760036,16814.41,0.25149995,100.0,0.00646787,1
42.366756,135.23016,15.166218,16814.41,0.23940876,100.0,0.0018864621,1
48.06087,98.36301,14.919921,16814.41,0.2784919,100.0,0.0026949458,1
20.012407,319.07562,15.483419,16814.41,0.16258799,60.0,0.0047065206,1
7.2797217,239.54346,17.033417,16814.41,0.118149094,60.0,0.004192352,1
39.11691,288.573,15.34467,16814.41,0.31340078,100.0,0.005148687,1
23.304913,167.70026,15.975189,16814.41,0.12612599,100.0,0.0062914146,1
51.62246,170.7997,14.850016,16814.41,0.22694294,100.0,0.007276354,1
63.29528,167.73958,14.6925125,16814.41,0.26975885,100.0,0.0048509026,1
25.560513,122.78862,14.137973,16202.257,0.30964208,30.0,0.0060979663,1
44.422478,261.4509,13.898919,16746.91,0.5379621,10.0,0.006860212,1
43.828705,217.57216,14.139919,17357.686,0.4614513,30.0,0.0013474729,1
40.440735,206.78802,13.929966,17357.686,0.4608681,30.0,0.0016169675,1
22.701517,211.64719,14.181856,17357.686,0.3725015,30.0,0.0018864621,1
28.626867,219.54797,14.259515,19062.879,0.6936322,10.0,0.0026949458,1
42.983402,242.0324,13.786983,17823.441,0.53517044,10.0,0.00026949457,1
40.794987,235.75652,13.745722,17823.441,0.57498777,10.0,0.0003811229,1
26.730757,334.15787,14.418633,17823.441,0.5815513,10.0,0.0056593865,1
39.89602,259.96396,14.13534,17823.441,0.7177325,10.0,0.00231828,1
34.661625,39.41362,14.456465,17823.441,0.38613278,30.0,0.010482612,1
31.240522,219.29362,14.514917,17823.441,0.5348799,10.0,0.008522167,1
32.651463,189.8625,14.612509,17823.441,0.5596575,10.0,0.008509374,1
40.127117,86.69705,14.230432,17823.441,0.6568718,10.0,0.006204231,1
33.475224,120.93605,14.773504,17823.441,0.66528076,10.0,0.01069863,1
35.763927,113.8626,14.398154,17823.441,0.6476354,10.0,0.010510289,1
36.74716,184.2164,14.3780985,17823.441,0.6049164,10.0,0.011157206,1
32.027187,95.94156,14.479804,17823.441,0.29199374,30.0,0.00785705,1
34.372025,98.16351,14.432697,17823.441,0.32385436,30.0,0.007256364,1
21.021204,90.0,14.809692,17823.441,0.6051458,30.0,0.00595333,1
44.460304,147.27528,13.819899,18047.324,0.5493434,10.0,0.01213025,1
49.540726,228.49564,13.887429,18787.973,0.53211164,10.0,0.0022867373,1
22.114132,174.8334,14.863493,18047.324,0.23322424,30.0,0.014607501,1
34.159523,149.18315,14.433004,18047.324,0.22676767,30.0,0.015113337,1
33.089615,186.44847,14.380911,18047.324,0.31681702,30.0,0.01622796,1
22.152197,156.13759,14.629348,18787.973,0.63349545,10.0,0.0006026082,1
25.581738,122.753525,15.019611,18528.613,0.6648862,10.0,0.01049646,1
29.554821,115.35467,14.781137,18528.613,0.6541625,30.0,0.0105241,1
12.769178,180.0,16.066135,18528.613,0.20990297,30.0,0.014674469,1
40.44225,226.86511,13.822805,17823.441,0.54097503,10.0,0.0003811229,1
53.939762,106.43282,13.809658,17823.441,0.7311499,10.0,0.005120397,1
56.869225,104.68837,13.643476,19062.879,0.5335729,10.0,0.014822202,1
31.86019,62.040512,14.40714,17823.441,0.30777025,30.0,0.0060979663,1
33.999992,327.13776,14.22877,19127.525,0.5043843,10.0,0.003430106,1
53.29841,153.24443,13.877853,19127.525,0.4770416,30.0,0.0024254513,1
44.215828,142.99457,14.139888,19127.525,0.6595017,10.0,0.0045893276,1
39.47546,152.18411,14.510438,19127.525,0.7706674,10.0,0.0041136565,1
46.899467,315.39633,14.036296,19127.525,0.66673064,10.0,0.007114861,1
43.40727,129.28722,14.186381,19127.525,0.5638205,10.0,0.0007622458,1
24.272774,68.96279,14.523418,17823.441,0.52203643,30.0,0.0059350026,1
41.22752,118.70526,14.213015,17823.441,0.42194355,30.0,0.0061983755,1
31.950829,114.53734,14.28525,19127.525,0.7613952,10.0,0.0024846173,1
34.715805,134.50168,14.476916,19127.525,0.6728434,10.0,0.0018864621,1
27.401657,57.9363,14.953383,19127.525,0.57981735,10.0,0.010920351,1
41.275455,63.729477,14.475444,19127.525,0.65129364,10.0,0.011334803,1
38.648804,148.23264,14.373694,19127.525,0.5331895,10.0,0.004581408,1
33.415604,87.18731,14.845055,19127.525,0.63665885,10.0,0.011062416,1
31.96148,146.12224,14.6858,19127.525,0.50511706,10.0,0.0059166183,1
37.145504,131.48561,14.876626,18528.613,0.6737684,10.0,0.013744224,1
43.136703,226.28613,14.534408,19127.525,0.55716866,10.0,0.013912291,1
28.085264,193.89323,15.048575,19127.525,0.42783195,30.0,0.010943604,1
41.144608,70.519226,14.534324,19127.525,0.7367402,10.0,0.010262048,1
37.559418,91.20623,14.591602,19127.525,0.65482837,10.0,0.010688442,1
40.119217,87.798096,14.583039,19127.525,0.6312983,10.0,0.009942123,1
20.179817,84.94627,15.191105,19127.525,0.754293,10.0,0.003430106,1
42.028847,165.89435,14.470707,19585.84,0.42140102,30.0,0.01557716,1
43.2525,158.30373,14.481325,19976.455,0.47936907,10.0,0.010314991,1
21.222794,109.480316,14.809692,19127.525,0.6348593,10.0,0.00929268,1
24.801792,240.6312,15.09441,19127.525,0.43267596,30.0,0.0075458484,1
20.188452,165.5896,15.359666,18528.613,0.48859593,30.0,0.012577056,1
35.92744,163.8671,14.579258,18528.613,0.36968368,30.0,0.003811229,1
35.45195,230.4633,14.512491,18528.613,0.7439485,10.0,0.00097167655,1
35.766193,199.28993,14.654273,19091.73,0.38583842,30.0,0.008699292,1
49.297344,154.84,14.179038,18528.613,0.73516315,10.0,0.0049545974,1
34.852566,158.40749,14.486173,18528.613,0.71315235,10.0,0.0050345743,1
34.718353,134.49632,14.817146,18528.613,0.75881785,10.0,0.013314778,1
32.80287,21.676785,14.552891,18900.357,0.51040137,30.0,0.0022867373,1
32.96526,356.76254,14.4816,18900.357,0.6537279,10.0,0.0013474729,1
45.60055,217.57117,13.943468,18900.357,0.7257715,10.0,0.0,1
50.625137,144.13293,14.045428,19127.525,0.37444794,30.0,0.0014512728,1
30.767183,322.0482,15.33549,19127.525,0.77115893,10.0,0.0003811229,1
43.480335,108.92508,14.469372,19127.525,0.6077535,10.0,0.00927312,1
41.529236,14.363424,14.493218,19642.3,0.7097623,10.0,0.006886628,1
44.180267,31.837904,14.374342,19642.3,0.7264097,10.0,0.007175847,1
45.43302,146.01006,14.404886,19140.043,0.75934243,10.0,0.008970568,1
30.517216,83.69333,14.841636,19642.3,0.7590279,60.0,0.0035034297,1
40.255505,173.79321,15.025245,19140.043,0.45793545,60.0,0.008897403,1
38.56145,197.37215,14.894066,19140.043,0.6263547,10.0,0.013047546,1
43.200203,181.11719,14.729606,19140.043,0.32359505,10.0,0.016047945,1
40.7204,160.10596,14.76055,19127.525,0.5940875,10.0,0.012317406,1
46.06768,159.3458,14.475144,19127.525,0.77473223,10.0,0.012963782,1
33.692608,153.94006,14.6136265,19127.525,0.4810079,30.0,0.010144601,1
40.788303,186.08969,14.7733755,19127.525,0.70209086,10.0,0.013956593,1
34.019974,102.46433,14.916851,19140.043,0.73982,10.0,0.019547183,1
37.858044,203.60551,14.822995,19140.043,0.6789436,10.0,0.017467324,1
34.85855,87.335884,14.335129,18900.357,0.69298506,30.0,0.013333856,1
35.08686,249.77782,14.76306,19140.043,0.6117191,30.0,0.011885292,1
40.207253,111.33767,14.771934,18900.357,0.6388374,10.0,0.012103277,1
33.110653,107.329285,14.857649,19140.043,0.62274444,10.0,0.010833548,1
37.84767,180.0,14.8878765,19140.043,0.364781,10.0,0.01564462,1
46.13819,195.30412,14.6521845,19140.043,0.33740333,30.0,0.0115914,1
36.00061,153.0247,14.970401,19140.043,0.5755107,10.0,0.013533888,1
36.508472,195.78925,14.82763,19140.043,0.5647181,10.0,0.014394644,1
36.50222,220.03818,14.913416,19140.043,0.68543774,10.0,0.012712034,1
47.307358,170.27524,14.073489,19642.3,0.6059139,30.0,0.00026949457,1
70.15231,134.99335,13.352298,19642.3,0.50453573,30.0,0.00097167655,1
29.471272,166.89088,15.138625,19140.043,0.6649474,10.0,0.016151698,1
61.363068,138.70737,13.800921,19642.3,0.40867713,60.0,0.00314282,1
40.735424,87.84557,14.626301,19642.3,0.6920887,30.0,0.0014512728,1
25.695961,335.2753,14.460383,18787.973,0.46828616,30.0,0.0013474729,1
33.378128,24.61782,14.137135,18787.973,0.6232001,10.0,0.0024254513,1
31.861624,117.957794,14.233724,18787.973,0.4572441,30.0,0.005805091,1
35.575863,193.31168,13.993557,18787.973,0.36419004,10.0,0.00080848375,1
32.9652,183.23506,14.107101,18787.973,0.4630788,10.0,0.00053898914,1
30.217594,136.27264,14.245268,18378.709,0.45879403,10.0,0.00053898914,1
40.634445,181.2219,13.992194,18787.973,0.34819514,30.0,0.00053898914,1
37.073784,189.76077,14.137309,18787.973,0.24495517,30.0,0.00053898914,1
30.182817,118.239204,14.413049,18787.973,0.32561013,30.0,0.0037729242,1
42.641117,208.48564,14.041631,20381.895,0.74548346,10.0,0.0024254513,1
43.772892,208.52423,13.886133,20381.895,0.48467866,10.0,0.0022867373,1
12.3723545,35.732185,15.513706,20381.895,0.48353893,50.0,0.0067373645,1
32.73625,136.90482,14.140613,19091.73,0.5161191,50.0,0.003233935,1
29.769567,208.68059,14.5959425,19091.73,0.592641,10.0,0.0011433687,1
24.872032,114.77262,14.119395,19091.73,0.4721285,30.0,0.0026949458,1
33.043953,79.96812,14.075111,19091.73,0.52797467,30.0,0.0021559566,1
31.895351,109.76413,14.426827,19091.73,0.60079366,30.0,0.0045734746,1
37.454823,134.21207,14.082906,19091.73,0.45035088,10.0,0.00026949457,1
34.58058,153.1683,14.082023,19091.73,0.3982824,30.0,0.00053898914,1
31.657413,166.26227,14.672196,19091.73,0.38179138,30.0,0.00053898914,1
38.42148,180.0,14.062638,20381.895,0.4489959,30.0,0.0013474729,1
46.52627,183.97958,13.835452,20381.895,0.40580025,30.0,0.0019056145,1
41.6797,164.50017,14.227183,20381.895,0.439421,30.0,0.010101554,1
33.53039,197.68771,14.757638,20381.895,0.34923798,10.0,0.014394644,1
29.64968,185.5355,14.629007,20381.895,0.32978624,30.0,0.007622458,1
37.874195,217.72931,14.736356,20381.895,0.6769724,10.0,0.01715053,1
35.302265,68.54476,14.790138,20381.895,0.54463935,60.0,0.014283213,1
32.648983,90.0,14.76544,20381.895,0.6889133,10.0,0.016066037,1
33.159016,60.29573,14.7232895,20381.895,0.7266951,10.0,0.009154886,1
32.530212,152.66113,14.400264,20381.895,0.74279886,10.0,0.009675569,1
23.729635,92.1104,15.037645,19091.73,0.6326646,10.0,0.012186997,1
37.421097,111.07943,13.904879,19091.73,0.49219063,30.0,0.0016169675,1
42.033817,127.62845,13.826717,19091.73,0.66077286,10.0,0.0024846173,1
31.018253,199.5664,14.326977,19091.73,0.4323178,30.0,0.0011433687,1
34.2817,133.52362,14.265511,19091.73,0.43476596,30.0,0.0056593865,1
33.31812,196.17085,14.40413,19091.73,0.67304844,10.0,0.0024846173,1
43.411526,129.28026,13.749279,19091.73,0.70843315,10.0,0.0024254513,1
44.34825,131.48409,13.798795,19091.73,0.66193575,10.0,0.0021559566,1
31.934769,92.97746,14.390987,20381.895,0.6676295,10.0,0.003430106,1
29.17003,136.4693,14.431643,19091.73,0.49401477,30.0,0.004311913,1
34.293312,143.8073,14.724097,20381.895,0.47320282,30.0,0.012290844,1
29.030443,253.04207,14.923776,19577.6,0.22438489,10.0,0.0150555605,1
38.872673,267.69824,14.604341,19577.6,0.24990126,10.0,0.014674469,1
32.20254,253.57648,14.784622,19577.6,0.58125466,10.0,0.014863793,1
45.18737,220.89896,14.431993,19577.6,0.4012927,60.0,0.005983751,1
59.50204,117.852234,13.741601,19577.6,0.6572539,10.0,0.012201887,1
20.130865,228.51518,15.034911,19577.6,0.5397414,10.0,0.010630528,1
33.763973,225.39592,14.689526,19577.6,0.7294701,10.0,0.011209161,1
27.750887,213.8291,14.929011,19577.6,0.6281565,10.0,0.014773122,1
28.236345,185.87004,14.760693,19577.6,0.5440023,30.0,0.014505219,1
27.149792,198.74109,14.939065,19577.6,0.34851754,10.0,0.018293899,1
33.340363,306.19516,14.6674385,19577.6,0.43077913,60.0,0.010779783,1
30.203787,41.3362,14.934957,19577.6,0.7799715,10.0,0.00943231,1
30.571917,63.995438,14.908626,19577.6,0.7485091,10.0,0.008893321,1
23.91954,308.3479,15.070217,19577.6,0.7065141,10.0,0.0075458484,1
24.214378,322.36304,15.047919,19577.6,0.66839355,10.0,0.0067373645,1
26.306509,301.5946,14.8755245,18973.291,0.56969434,30.0,0.0056593865,1
34.48231,260.50378,14.624981,18973.291,0.60397565,10.0,0.0053898916,1
52.765953,306.19342,13.966595,18973.291,0.5353607,10.0,0.0037729242,1
26.941763,290.5089,15.150355,18973.291,0.7214384,60.0,0.0029644405,1
19.497398,111.454094,15.011596,20381.895,0.5820401,10.0,0.0028647666,1
25.076763,231.4874,14.334601,19091.73,0.47932285,30.0,0.0010779783,1
22.643303,67.16621,15.465765,19091.73,0.43796366,30.0,0.003233935,1
30.110632,127.88622,14.407681,19091.73,0.4686217,30.0,0.0036256788,1
32.304913,150.51172,14.068982,21680.863,0.58741766,10.0,0.0019056145,1
24.323828,145.455,14.3051195,21680.863,0.20213069,30.0,0.0015244916,1
24.32239,158.61952,14.581783,21680.863,0.4312814,10.0,0.0053357207,1
39.985844,195.18704,14.25909,21680.863,0.44316837,60.0,0.0045734746,1
25.076872,101.97947,14.749197,21680.863,0.6239507,10.0,0.005928881,1
31.745798,137.1028,14.292132,21680.863,0.57118636,30.0,0.0022867373,1
26.074186,283.38937,14.964697,18973.291,0.6530381,60.0,0.0021559566,1
31.21181,351.3099,14.816553,18973.291,0.5562054,10.0,0.0016392716,1
33.69346,333.93628,14.460399,18973.291,0.660302,10.0,0.0030489832,1
38.561478,162.62769,14.637816,18973.291,0.46724752,30.0,0.00080848375,1
12.52145,98.382355,15.660652,18973.291,0.31206208,60.0,0.00026949457,1
32.362766,175.02742,14.615084,18973.291,0.26755553,30.0,0.0,1
33.18271,171.95248,14.871431,18973.291,0.7363642,10.0,0.016392715,1
31.777388,173.21016,14.55366,18973.291,0.31627038,60.0,0.00080848375,1
30.281048,176.40433,14.478127,18973.291,0.3918928,60.0,0.00080848375,1
39.942444,219.35341,14.642335,18973.291,0.44099742,60.0,0.017072009,1
34.365097,173.85153,14.485918,18973.291,0.53911406,10.0,0.00026949457,1
43.06542,148.06612,14.099922,20869.682,0.5261436,10.0,0.00053898914,1
38.987556,151.63765,14.178632,20869.682,0.11393794,60.0,0.00053898914,1
47.451015,146.31456,13.974625,20869.682,0.23817526,60.0,0.00080848375,1
40.41519,142.9809,14.028738,20869.682,0.5439494,10.0,0.00080848375,1
41.8422,163.36455,14.130008,20869.682,0.79404354,10.0,0.0013474729,1
38.0392,186.71997,14.775125,18973.291,0.60989356,10.0,0.014704134,1
42.02936,194.10979,14.502729,18973.291,0.35620135,60.0,0.005148687,1
39.0982,220.80199,14.445793,18973.291,0.7853181,10.0,0.0045734746,1
32.196007,205.86295,14.934337,18973.291,0.5453537,10.0,0.015551495,1
38.22092,189.3671,14.599511,18973.291,0.6862063,10.0,0.0053357207,1
32.91384,198.13039,14.646392,18973.291,0.753053,10.0,0.0057168435,1
34.366356,193.94456,14.841905,18973.291,0.7895978,10.0,0.007241335,1
33.966938,204.06102,14.600792,18973.291,0.74131584,10.0,0.0059104776,1
25.948904,164.72841,14.876205,18973.291,0.70447606,10.0,0.005349315,1
25.03761,200.65924,15.203373,18973.291,0.7984863,10.0,0.011811736,1
37.602226,154.66188,14.591071,18973.291,0.623916,10.0,0.010729134,1
40.051987,143.97551,14.603839,18973.291,0.7340676,10.0,0.012746268,1
32.250546,39.676125,14.580854,19140.043,0.7095171,10.0,0.008423592,1
35.176292,254.00142,14.783492,19140.043,0.5751181,60.0,0.007815343,1
31.878866,238.62999,14.763472,19140.043,0.8114572,10.0,0.0070068594,1
38.279587,61.84992,14.580959,19140.043,0.7124843,10.0,0.006405813,1
39.52125,40.06831,14.625193,19140.043,0.7750913,10.0,0.0058858506,1
32.12165,277.40714,14.834809,19140.043,0.8183659,10.0,0.005148687,1
32.215855,261.1331,14.516894,19140.043,0.79994977,10.0,0.004581408,1
25.978188,64.412735,14.808616,19140.043,0.71685046,10.0,0.0048583825,1
38.803173,52.847588,14.477706,19029.756,0.61542475,10.0,0.0048208656,1
13.960384,54.12235,15.381484,19140.043,0.73707944,10.0,0.00397904,1
56.28408,61.62075,14.068083,18900.357,0.6208252,30.0,0.00420964,1
29.58233,90.0,14.599161,18900.357,0.450811,30.0,0.0028647666,1
31.96288,294.5251,14.79951,19140.043,0.7450518,10.0,0.0010779783,1
25.511095,86.1099,14.958659,19029.756,0.7414411,10.0,0.0022867373,1
52.653122,43.213234,14.315853,18900.357,0.6888745,10.0,0.0035137795,1
34.426075,290.74924,14.772561,19140.043,0.3877977,60.0,0.0,1
40.546986,330.50656,14.554203,19140.043,0.77946955,10.0,0.00026949457,1
32.362797,355.0267,14.623441,19140.043,0.80216664,10.0,0.00053898914,1
41.141712,10.873988,14.441849,19140.043,0.8145107,10.0,0.0006026082,1
30.544647,309.12003,14.301315,19140.043,0.6335608,60.0,0.0010779783,1
46.808235,94.3578,14.374165,19642.3,0.75391006,10.0,0.013646116,1
46.613976,72.18102,14.739502,19642.3,0.7627725,10.0,0.015363555,1
42.64535,32.47198,14.665238,19642.3,0.5561329,10.0,0.009909195,1
30.299738,36.547077,14.949985,19642.3,0.7171768,10.0,0.008958415,1
50.156128,105.67397,14.371341,19642.3,0.67330617,30.0,0.006860212,1
39.8357,70.738655,14.479007,19642.3,0.7474595,10.0,0.0057168435,1
38.594448,63.499462,14.578038,19642.3,0.8172526,10.0,0.0053357207,1
36.127357,37.026028,14.846511,19642.3,0.78903276,10.0,0.0053898916,1
34.80843,35.41913,14.679774,19642.3,0.7735227,10.0,0.0053898916,1
39.164623,353.54498,14.570694,19642.3,0.7838616,10.0,0.005120397,1
22.114275,5.171189,14.629552,19140.043,0.7843968,10.0,0.0007622458,1
26.785519,353.75232,15.133556,18900.357,0.7526618,10.0,0.0011433687,1
41.345886,196.93933,14.484802,19140.043,0.53291374,30.0,0.0029644405,1
43.61906,194.46776,14.314436,18900.357,0.71550786,10.0,0.0024254513,1
25.561499,191.0381,15.076133,19140.043,0.6014909,30.0,0.00026949457,1
31.200075,195.7937,14.814632,19140.043,0.605942,10.0,0.0,1
36.285492,172.83478,14.725925,19140.043,0.4693123,30.0,0.00026949457,1
39.14805,166.99812,14.643426,19140.043,0.49624547,30.0,0.0010779783,1
38.28442,241.85524,14.768629,19140.043,0.49587873,30.0,0.0016169675,1
34.29834,36.207474,14.8342905,19642.3,0.8169519,10.0,0.004311913,1
40.25596,212.73503,14.819858,19140.043,0.59540105,60.0,0.00080848375,1
34.166843,149.15675,14.746963,19140.043,0.476294,30.0,0.0016169675,1
38.993484,1.296304,14.365999,19642.3,0.7005275,10.0,0.0024254513,1
55.534718,180.0,14.089029,19140.043,0.5605184,30.0,0.003233935,1
50.503895,137.20824,14.1300535,19642.3,0.5299044,10.0,0.00053898914,1
52.225765,143.4052,14.258515,19642.3,0.5068431,30.0,0.0010779783,1
40.58981,146.23349,14.337312,19642.3,0.5407975,30.0,0.0013474729,1
52.406727,136.29175,14.399382,19642.3,0.51589036,30.0,0.0013474729,1
45.407505,155.45984,14.507289,19642.3,0.74726635,10.0,0.0050345743,1
34.659008,221.47505,14.891299,19140.043,0.6397223,10.0,0.0040424187,1
29.498499,230.98692,14.957133,19140.043,0.49440265,30.0,0.004581408,1
38.22113,189.36967,14.501951,18900.357,0.7598547,10.0,0.00053898914,1
35.072224,211.4501,14.756395,19140.043,0.39605916,30.0,0.0022867373,1
33.226265,222.15062,14.706601,19140.043,0.25318238,60.0,0.0028647666,1
33.68114,202.62917,14.692228,18900.357,0.51088655,60.0,0.0013474729,1
28.882471,229.78957,14.724164,19140.043,0.4703893,60.0,0.0026678604,1
33.612335,176.84082,14.752378,18900.357,0.5528716,30.0,0.0018864621,1
43.41394,221.16399,14.594974,19140.043,0.2315155,50.0,0.0030489832,1
32.53798,159.84859,14.330522,18900.357,0.5286311,30.0,0.0021559566,1
41.362514,214.17207,14.313312,18900.357,0.55260557,30.0,0.0021559566,1
50.9617,199.07182,14.071747,18900.357,0.5256577,30.0,0.0024254513,1
30.53686,188.93102,14.754993,19140.043,0.42510206,50.0,0.002708387,1
39.986595,195.19264,14.53487,19140.043,0.49055502,60.0,0.0026949458,1
31.729378,210.23737,14.832658,19140.043,0.48404115,30.0,0.0029644405,1
33.695385,206.07224,14.787748,19140.043,0.4446751,60.0,0.00397904,1
27.026556,190.3427,15.184029,18900.357,0.4408695,30.0,0.004581408,1
28.628864,222.1515,15.080696,18900.357,0.38235947,30.0,0.004581408,1
38.872513,271.15067,14.739492,18935.898,0.66939723,10.0,0.0067373645,1
35.789246,262.25742,14.74895,18935.898,0.49243414,30.0,0.0075458484,1
30.981346,213.30219,14.152763,18900.357,0.46852815,60.0,0.00097167655,1
33.879387,214.94572,14.179734,18900.357,0.44574693,30.0,0.00097167655,1
38.540028,185.27724,14.299388,18900.357,0.7742158,10.0,0.0026678604,1
42.39108,192.75117,14.204653,18900.357,0.7137759,10.0,0.0030489832,1
25.561646,191.04002,15.221962,19089.688,0.56186724,10.0,0.0018864621,1
29.841726,215.0835,14.668265,19089.688,0.5370671,10.0,0.0016169675,1
27.635193,216.49872,14.746109,19089.688,0.43599558,30.0,0.0024846173,1
40.20005,119.87079,14.239517,19089.688,0.81486446,10.0,0.0017256073,1
50.702953,122.89996,14.077243,19089.688,0.52675736,10.0,0.0028647666,1
54.726925,126.541756,13.876481,19089.688,0.5873458,10.0,0.0030489832,1
35.150463,344.92178,15.182667,18935.898,0.65334624,10.0,0.012106277,1
23.77401,352.83386,15.48554,18935.898,0.7360523,10.0,0.014552708,1
32.29014,341.40613,15.093888,18935.898,0.7839324,10.0,0.012396751,1
28.060526,335.6467,15.359374,18935.898,0.77493364,30.0,0.011857762,1
31.025364,5.2422614,15.182941,18935.898,0.8000298,10.0,0.011857762,1
27.026627,10.343657,15.300705,18935.898,0.76865166,10.0,0.010240794,1
24.661846,9.18297,15.260454,18935.898,0.74984664,10.0,0.009701805,1
57.087772,213.05165,14.530137,18935.898,0.40554807,30.0,0.015483631,1
42.04776,243.33932,14.951223,18935.898,0.7249382,10.0,0.012882292,1
40.306625,263.42517,14.520847,18935.898,0.7667616,10.0,0.009198415,1
40.198578,240.12749,14.502099,19089.688,0.35741922,60.0,0.0075458484,1
28.493382,237.53374,15.062592,19089.688,0.49217647,30.0,0.0057168435,1
36.042343,244.99652,14.682153,19089.688,0.26239243,60.0,0.0070533482,1
36.94651,221.12045,14.709966,19089.688,0.45772412,30.0,0.0049545974,1
33.856873,227.49797,14.833519,19089.688,0.49950695,30.0,0.004387054,1
28.961596,211.979,14.70698,19089.688,0.36517704,30.0,0.0060979663,1
31.443188,248.24435,14.823751,19089.688,0.5088261,30.0,0.0061983755,1
32.2019,240.76628,14.661045,19089.688,0.57050943,10.0,0.0061983755,1
37.08232,15.463366,14.501961,19089.688,0.72116053,10.0,0.0024254513,1
45.41674,22.281672,14.219668,19089.688,0.44692752,60.0,0.0010779783,1
22.086023,276.8737,15.17492,18973.291,0.58029974,10.0,0.013485504,1
19.356169,97.946045,15.09668,18973.291,0.7181427,10.0,0.014060284,1
23.60368,202.15813,15.1346035,18973.291,0.54449856,10.0,0.015094102,1
43.899506,149.08334,14.648552,18973.291,0.6883727,10.0,0.015091697,1
40.089466,180.0,14.481922,18973.291,0.7911288,10.0,0.01369128,1
16.915934,217.02193,15.478163,18973.291,0.6213301,10.0,0.01590018,1
51.308258,235.21764,14.402715,18973.291,0.60820276,10.0,0.016252557,1
46.13848,195.30626,14.415978,18973.291,0.5917664,10.0,0.01331205,1
33.558727,129.38065,14.897321,18973.291,0.7131485,10.0,0.016708665,1
23.00178,162.42409,15.160507,18973.291,0.29981908,10.0,0.020805262,1
44.486973,171.42337,14.137776,20869.682,0.5229814,10.0,0.0,1
39.706665,159.34076,14.320269,20869.682,0.46246615,10.0,0.0013474729,1
49.43512,133.85771,13.837301,20869.682,0.5560244,10.0,0.00210482,1
46.53755,138.74063,14.121166,20869.682,0.54007757,10.0,0.0036256788,1
33.851475,132.51273,14.440265,20869.682,0.5917557,10.0,0.004006325,1
36.983192,149.2942,14.4547615,20869.682,0.5584511,30.0,0.0035137795,1
43.618935,165.5332,14.30541,20869.682,0.6513349,10.0,0.00420964,1
33.612328,176.84111,14.326993,20869.682,0.41868365,30.0,0.00053898914,1
35.17214,171.02898,14.283524,20869.682,0.5175857,30.0,0.00053898914,1
39.29636,165.74924,14.297402,20869.682,0.5811714,30.0,0.00053898914,1
34.520187,129.45416,14.856448,18973.291,0.33455688,10.0,0.021178914,1
40.317524,124.90965,14.802625,18973.291,0.3095306,60.0,0.021111937,1
31.025307,174.75914,14.947329,18973.291,0.4830197,10.0,0.021620119,1
37.412365,100.98017,14.840515,18973.291,0.76263577,10.0,0.0115348715,1
42.35527,128.42204,14.693826,18973.291,0.5632473,10.0,0.010144601,1
26.690228,130.08997,14.94578,18973.291,0.62095064,10.0,0.009154886,1
35.541183,184.41125,14.635607,20869.682,0.5823034,10.0,0.0013474729,1
40.802666,85.698326,14.702879,18973.291,0.76924485,10.0,0.0018864621,1
14.421194,67.80852,15.060042,18973.291,0.76372766,30.0,0.0010779783,1
35.072113,148.5503,14.625865,20869.682,0.53416437,30.0,0.00080848375,1
32.197067,154.1322,14.24468,20869.682,0.42281598,30.0,0.0016169675,1
33.31899,163.82262,14.412074,20869.682,0.62821174,30.0,0.0016169675,1
38.335915,142.97418,14.286407,20869.682,0.6540613,10.0,0.0021559566,1
43.200207,181.11755,14.541956,20869.682,0.4906307,10.0,0.0016169675,1
29.723125,200.66362,14.703124,20869.682,0.5799967,30.0,0.0028647666,1
26.743933,201.31314,14.893054,20869.682,0.50886947,30.0,0.004192352,1
40.66206,157.43086,14.332197,20869.682,0.43129137,30.0,0.0026678604,1
29.944399,229.73509,14.8523,20869.682,0.5541691,10.0,0.004192352,1
32.002724,229.64078,14.787665,20869.682,0.54994947,30.0,0.004387054,1
30.773,225.0254,14.773971,20869.682,0.5680665,30.0,0.0045734746,1
38.017544,162.26794,14.651275,20869.682,0.5965682,10.0,0.00026949457,1
31.339142,10.39689,14.878061,18973.291,0.6935355,10.0,0.005983751,1
34.809246,132.47052,14.823411,18973.291,0.7093452,10.0,0.01079325,1
30.82438,167.5923,14.709825,18973.291,0.560667,30.0,0.00026949457,1
39.556847,168.48842,14.37357,19997.1,0.5139005,30.0,0.00026949457,1
26.665186,118.91547,15.018947,18973.291,0.77268076,10.0,0.0083717005,1
36.245445,154.86662,14.581757,20869.682,0.68851,10.0,0.0032451446,1
35.34086,196.50652,14.516589,18973.291,0.5847512,10.0,0.003013041,1
43.90119,149.0777,14.315064,20869.682,0.5486331,30.0,0.0018864621,1
34.270992,157.89445,14.490187,20869.682,0.5831996,30.0,0.0019619502,1
38.60063,166.73654,14.409128,20869.682,0.5991044,10.0,0.00314282,1
36.023785,168.37546,14.467701,20869.682,0.5761226,30.0,0.0035137795,1
33.470295,146.35405,14.509254,20869.682,0.7898309,10.0,0.0029644405,1
32.49057,195.00133,14.68746,20869.682,0.5528601,10.0,0.0060979663,1
31.608469,181.70549,14.723736,20869.682,0.41430193,30.0,0.00471423,1
40.726532,152.09354,14.474006,20869.682,0.73995864,10.0,0.0040424187,1
15.982375,73.58483,14.613223,20869.682,0.80855393,10.0,0.0048509026,1
48.478725,161.07458,14.239587,20869.682,0.59049606,60.0,0.00646787,1
53.442406,169.83014,14.263505,20869.682,0.5366436,10.0,0.009146949,1
52.439983,161.09709,14.2890835,20869.682,0.52627957,30.0,0.010240794,1
27.61683,188.0482,14.248471,20869.682,0.4482668,10.0,0.00026949457,1
29.547504,181.85114,14.166352,20869.682,0.43750077,30.0,0.00026949457,1
36.340214,161.11984,14.1112795,20869.682,0.4283066,10.0,0.00026949457,1
27.071276,104.677765,14.937734,21680.863,0.5920656,10.0,0.0169696,1
59.898983,290.8913,13.43805,20869.682,0.07108366,60.0,0.0010779783,1
42.17626,164.7625,14.052312,21680.863,0.5505851,30.0,0.00026949457,1
51.144066,172.36815,14.065899,21680.863,0.5592923,10.0,0.00080848375,1
45.26756,164.20403,14.708978,22415.598,0.79702544,10.0,0.0166477,1
28.959227,263.2804,14.896672,22415.598,0.6747119,10.0,0.012666246,1
34.449604,121.275345,14.711804,21541.99,0.7465718,10.0,0.009809751,1
47.160095,172.19067,14.355883,20869.682,0.5492213,30.0,0.0024104328,1
36.071453,180.0,14.606485,20869.682,0.47122392,30.0,0.0053357207,1
17.834545,104.57066,15.331705,18973.291,0.78910583,10.0,0.01049646,1
44.8778,187.39824,14.584795,20869.682,0.5975982,10.0,0.006656025,1
32.197735,154.12915,14.929407,18692.38,0.75707245,10.0,0.010678245,1
31.2003,164.20448,14.87237,18692.38,0.6696469,10.0,0.010779783,1
34.584766,153.1506,14.858666,18692.38,0.61484176,10.0,0.0114590665,1
42.20421,151.00351,14.656214,18692.38,0.67526877,10.0,0.010996568,1
34.298035,175.37909,14.898392,18692.38,0.40536955,30.0,0.0101589095,1
33.821613,172.14308,14.824081,18692.38,0.58976454,30.0,0.012343911,1
46.319546,78.40663,14.305149,21541.99,0.6196399,30.0,0.014321298,1
40.98964,59.802982,14.323264,21541.99,0.7668325,10.0,0.010863674,1
46.510635,76.68299,14.500295,21541.99,0.7060001,10.0,0.010568862,1
51.749027,132.56128,14.333241,21541.99,0.43642312,30.0,0.0057295333,1
45.12322,177.90923,14.3533325,21541.99,0.54693484,10.0,0.00026949457,1
40.653805,182.44542,14.339476,21541.99,0.6932818,10.0,0.00053898914,1
31.355886,151.2434,14.806602,21541.99,0.62073445,30.0,0.006026082,1
40.730965,175.11754,14.36587,21541.99,0.67347664,10.0,0.00053898914,1
37.07669,154.12279,14.549602,21541.99,0.47280824,30.0,0.008678395,1
43.939545,172.35156,14.629302,21541.99,0.480549,30.0,0.007815343,1
42.379574,207.49782,14.72796,18692.38,0.51048195,10.0,0.011331598,1
44.043415,150.49951,14.584388,18692.38,0.48731303,10.0,0.010779783,1
37.336655,175.86871,14.972728,18692.38,0.7340431,10.0,0.016980298,1
40.78851,186.09354,14.784272,18692.38,0.6943838,10.0,0.015790176,1
30.465912,94.73553,15.06004,18692.38,0.7569593,10.0,0.015920723,1
30.418695,93.16098,15.1786585,18692.38,0.5547506,30.0,0.014283213,1
40.529102,56.695744,14.810998,18692.38,0.8268703,10.0,0.01124474,1
41.30869,149.9701,14.54613,18692.38,0.14017452,30.0,0.0026949458,1
60.389526,139.78148,13.785824,18692.38,0.71560425,10.0,0.0016169675,1
36.282913,121.95265,14.461092,19089.688,0.5575227,30.0,0.0055295667,1
51.04108,149.75732,14.233957,19089.688,0.26503596,30.0,0.0056849946,1
45.706734,164.44841,14.391484,19089.688,0.22401579,30.0,0.0053898916,1
38.80404,133.19167,14.808484,19089.688,0.85940176,10.0,0.015344635,1
30.669516,190.68237,14.969478,19089.688,0.73320293,10.0,0.011465403,1
37.812836,124.27783,14.466423,19089.688,0.59341836,10.0,0.0036256788,1
39.439106,169.73552,14.695856,19089.688,0.73229563,10.0,0.012018975,1
27.843826,161.80988,15.181381,19089.688,0.76377153,10.0,0.019027539,1
48.539936,189.31538,14.442607,19089.688,0.5641683,30.0,0.012916074,1
53.752583,226.49973,14.393849,19089.688,0.6821751,10.0,0.014101547,1
55.760563,247.31824,14.421684,18935.898,0.820535,10.0,0.005549233,1
37.42516,38.493546,14.97867,18659.506,0.7530682,10.0,0.011512814,1
40.069958,246.16367,14.632066,18935.898,0.7790456,10.0,0.0024104328,1
41.2516,241.32133,14.72121,18935.898,0.6705924,10.0,0.0012052164,1
32.80016,275.76642,15.104994,18935.898,0.62180084,30.0,0.015363555,1
46.91802,242.98903,14.573011,18935.898,0.7058588,10.0,0.0018864621,1
31.488491,347.91397,15.212102,18935.898,0.78775185,10.0,0.011111546,1
31.65921,19.07832,14.910634,18935.898,0.84674114,10.0,0.0037729242,1
40.63446,178.77644,14.846423,18935.898,0.49134284,10.0,0.005120397,1
39.19987,255.04695,14.801764,18935.898,0.7458242,10.0,0.0029644405,1
36.33215,213.23589,14.248073,19089.688,0.71640384,10.0,0.0017256073,1
47.77686,105.33259,14.524302,19089.688,0.5152567,30.0,0.0049545974,1
30.97694,108.87997,14.515117,19089.688,0.7894858,10.0,0.0055295667,1
43.05922,106.09157,14.23807,19089.688,0.4860133,30.0,0.005555773,1
37.46372,186.8663,14.574854,19089.688,0.85276806,10.0,0.0036156492,1
47.844643,184.75787,14.32318,19089.688,0.7639156,10.0,0.00097167655,1
43.5392,188.87411,14.655416,19089.688,0.7915174,10.0,0.004192352,1
52.011574,166.76384,14.453268,19089.688,0.796797,10.0,0.0036256788,1
44.347214,186.45824,14.65529,19089.688,0.78643495,10.0,0.005148687,1
49.40231,177.29962,14.627677,19089.688,0.66575474,10.0,0.0055295667,1
37.49251,123.27463,14.84994,19089.688,0.6881861,10.0,0.007241335,1
35.34186,163.4863,14.908779,19089.688,0.74824005,10.0,0.0059104776,1
44.226604,86.185684,14.717382,19089.688,0.80968845,10.0,0.009909195,1
45.53242,107.572,14.440266,19089.688,0.7261575,10.0,0.0075458484,1
41.258175,118.67142,14.74228,18813.666,0.44504926,10.0,0.012396751,1
18.517046,61.097305,15.628217,18813.666,0.575669,30.0,0.012666246,1
50.489147,75.30716,14.138581,18813.666,0.773367,10.0,0.004051392,1
38.67705,124.48723,14.572655,18813.666,0.55274945,30.0,0.005928881,1
36.079735,38.963963,14.628598,18813.666,0.79278463,10.0,0.0043203267,1
46.877037,42.02433,14.457084,18813.666,0.7229508,10.0,0.0040424187,1
37.017166,217.40752,14.49632,19089.688,0.68183076,30.0,0.010482612,1
39.806545,255.37329,14.872394,19009.473,0.8019286,10.0,0.015014501,1
45.574215,194.5663,14.680211,19009.473,0.64764047,10.0,0.013477424,1
38.38935,203.15773,14.8985405,19009.473,0.78495747,10.0,0.012423087,1
35.60361,185.87674,15.191562,19009.473,0.72231424,10.0,0.011885292,1
39.538235,272.2478,14.884501,19009.473,0.80442554,10.0,0.007241335,1
30.301535,313.829,15.130223,19009.473,0.77918816,10.0,0.004798215,1
76.086365,241.75789,13.3111515,19009.473,0.26979408,30.0,0.004485284,1
46.14062,195.3219,14.491251,19009.473,0.7621286,10.0,0.0026678604,1
33.868298,227.52058,14.716269,19009.473,0.3589606,30.0,0.005120397,1
43.939716,187.651,14.5613985,18813.666,0.80639476,10.0,0.0028647666,1
55.015224,126.091484,14.27211,18813.666,0.6242164,30.0,0.0019056145,1
54.93157,180.0,14.295733,18813.666,0.7291709,10.0,0.003233935,1
48.018085,210.74951,14.074036,18813.666,0.5438737,30.0,0.00080848375,1
49.605362,127.305695,14.3812895,18813.666,0.51099265,30.0,0.0007622458,1
16.36629,172.82935,14.838675,18813.666,0.82495594,10.0,0.0030489832,1
37.075073,189.77638,14.636328,18813.666,0.6968365,10.0,0.00053898914,1
24.400375,177.68428,15.447328,18813.666,0.74050695,10.0,0.006479089,1
51.63001,163.9945,14.161096,18813.666,0.61617625,30.0,0.0010779783,1
40.95887,126.63859,14.700477,18813.666,0.7606279,10.0,0.0006026082,1
29.534676,180.0,14.985914,18935.898,0.73868704,30.0,0.0070068594,1
35.96379,156.1657,15.10149,18935.898,0.6814976,60.0,0.0075458484,1
46.23162,203.81187,14.815669,18935.898,0.6326539,10.0,0.0048509026,1
47.32754,179.03203,14.667858,18935.898,0.7144263,10.0,0.0066723726,1
36.913902,128.6768,15.157598,19009.473,0.5344921,60.0,0.0120068835,1
43.10792,267.02606,14.837994,19009.473,0.670946,10.0,0.009535692,1
39.622852,216.71468,14.989489,19009.473,0.6221645,10.0,0.0010779783,1
43.08505,218.845,14.968142,19009.473,0.56337744,10.0,0.00097167655,1
47.844563,333.37643,14.736679,19009.473,0.7770007,10.0,0.005120397,1
53.977337,192.31659,14.659911,19798.672,0.55178034,10.0,0.0053357207,1
34.923252,86.01165,14.454087,18813.666,0.43681896,60.0,0.0006026082,1
42.57581,94.04133,14.364672,18813.666,0.33709446,30.0,0.0015244916,1
35.21024,80.75987,14.667107,18813.666,0.45966658,30.0,0.0003811229,1
36.249413,205.15111,14.769225,18813.666,0.660671,30.0,0.00026949457,1
35.578323,193.33363,14.818062,18813.666,0.6140912,10.0,0.00053898914,1
28.439346,128.87924,15.214154,18813.666,0.66939056,10.0,0.0010779783,1
27.233469,112.1748,15.448164,18813.666,0.73792505,10.0,0.0013474729,1
56.463276,265.07596,14.228433,18813.666,0.5439328,30.0,0.0032451446,1
35.345715,228.555,14.8464,18813.666,0.73603225,10.0,0.005204805,1
40.453617,206.83966,14.478256,18813.666,0.5769079,30.0,0.0017256073,1
53.596897,241.48164,14.385601,18813.666,0.59370273,10.0,0.005928881,1
53.46578,212.90944,13.930429,18813.666,0.34943345,30.0,0.0,1
53.154076,229.07782,14.111501,18813.666,0.6358596,10.0,0.0003811229,1
45.078815,48.556965,14.314032,18813.666,0.843551,10.0,0.0024846173,1
21.744164,240.85355,15.430282,18813.666,0.8418646,10.0,0.0019056145,1
39.546032,43.49843,14.520628,19790.332,0.8686652,10.0,0.0018864621,1
46.258392,100.71375,14.670709,19790.332,0.48630482,30.0,0.0070068594,1
43.502373,45.62637,14.339242,19790.332,0.75875384,10.0,0.0006026082,1
33.956787,54.76561,14.586851,19790.332,0.79589444,10.0,0.00210482,1
47.54713,150.89432,14.634595,20217.814,0.56865776,10.0,0.0045734746,1
56.66658,134.64365,14.591562,20217.814,0.72811216,10.0,0.004192352,1
42.30022,117.55111,14.508985,20217.814,0.31521067,30.0,0.0015244916,1
43.87612,235.08147,14.908247,19790.332,0.75430214,10.0,0.0093394555,1
56.831425,148.9819,14.448715,19790.332,0.5116677,60.0,0.006823058,1
51.260864,180.0,14.419739,19790.332,0.6016022,30.0,0.0070068594,1
40.21217,229.38211,14.803583,19790.332,0.82598233,10.0,0.007276354,1
53.24225,142.94258,14.690984,19790.332,0.38296315,60.0,0.009413041,1
65.33554,124.39791,14.190818,19790.332,0.5702323,30.0,0.0059104776,1
59.341415,269.4502,14.326646,19790.332,0.7401491,10.0,0.0018864621,1
31.73634,210.26405,15.034432,19790.332,0.7374282,10.0,0.008196358,1
58.9909,141.115,14.266134,21541.99,0.6425997,10.0,0.0108770365,1
35.17138,224.5914,14.794398,21541.99,0.5887545,10.0,0.008577382,1
34.2939,226.50127,14.939676,21541.99,0.62856364,10.0,0.009146949,1
36.051872,220.87857,14.784417,21541.99,0.7764975,10.0,0.01124474,1
36.70187,197.15553,14.801111,21541.99,0.5273565,30.0,0.010863674,1
54.206566,102.12816,14.396819,21541.99,0.66680366,10.0,0.01772324,1
25.912355,109.46258,15.337936,21541.99,0.57397044,10.0,0.01735679,1
35.603535,174.12485,15.0303335,21541.99,0.55225706,60.0,0.014293379,1
36.05816,137.19672,14.673121,21541.99,0.6758524,10.0,0.01715053,1
26.709585,175.82326,15.20367,21541.99,0.4256478,30.0,0.014101547,1
43.327023,199.2828,14.403511,22415.598,0.6651022,60.0,0.0,1
41.182922,177.59944,14.555122,22415.598,0.4591499,60.0,0.00026949457,1
35.963287,203.83191,14.879248,22415.598,0.832648,10.0,0.010004022,1
37.48278,166.17607,14.689344,22415.598,0.7531059,10.0,0.002654214,1
34.298088,175.37767,14.847909,22415.598,0.66301274,10.0,0.0031543532,1
24.032328,70.92966,15.444622,21541.99,0.8219239,10.0,0.01600716,1
38.66221,69.881645,14.960931,21541.99,0.8238322,10.0,0.01562604,1
33.79161,217.03897,14.455138,22415.598,0.67488956,10.0,0.0035034297,1
43.515545,216.7449,14.316248,22415.598,0.57626605,10.0,0.004192352,1
44.554615,217.8903,14.344973,22415.598,0.5666691,10.0,0.004311913,1
47.261444,217.55536,14.237394,22415.598,0.46713993,10.0,0.003811229,1
50.866325,192.92276,14.012068,22415.598,0.6241149,10.0,0.0016169675,1
35.32145,214.67342,14.345829,22415.598,0.3129162,10.0,0.00053898914,1
39.557335,168.48352,14.551065,22415.598,0.7348469,10.0,0.005928881,1
37.903812,200.67368,14.902631,22415.598,0.8050122,10.0,0.01049646,1
49.185577,191.87427,14.210047,20623.062,0.47532177,30.0,0.0028647666,1
40.737762,240.74689,14.704555,19878.342,0.79897434,10.0,0.009550912,1
41.261158,241.33188,14.765658,19878.342,0.4040945,30.0,0.019362394,1
36.529507,223.85066,14.991335,19878.342,0.6970274,60.0,0.0077171507,1
48.062683,171.47755,14.281586,20623.062,0.4767871,30.0,0.006860212,1
27.307598,212.16357,15.258291,21541.99,0.55399674,10.0,0.01562604,1
37.893517,206.57426,14.981815,21541.99,0.7314357,10.0,0.01772324,1
48.16679,117.62572,14.741857,20623.062,0.6529162,10.0,0.012686298,1
47.766895,121.93981,14.631129,20623.062,0.83213407,10.0,0.011857762,1
43.6429,131.44963,14.639083,20623.062,0.8200128,10.0,0.011318773,1
40.838963,133.86282,14.545873,20623.062,0.73500824,30.0,0.009701805,1
40.150555,145.60226,14.81232,20623.062,0.70601577,10.0,0.00943231,1
33.97192,155.9149,14.723708,20623.062,0.6870713,10.0,0.00080848375,1
35.60366,185.8778,14.761943,20623.062,0.5230989,30.0,0.0016169675,1
47.53314,112.65738,13.996985,20623.062,0.605084,10.0,0.0013474729,1
42.77158,240.66199,14.861046,19878.342,0.47483924,30.0,0.018176407,1
37.616623,233.96964,15.097634,19878.342,0.62283456,10.0,0.016192118,1
48.498207,150.8892,14.562562,19878.342,0.5990012,10.0,0.0071199634,1
41.655262,169.31349,14.873693,19878.342,0.5046857,10.0,0.0113219805,1
46.072075,200.67752,15.157953,19878.342,0.476836,10.0,0.018319687,1
39.973347,224.40001,15.099603,19878.342,0.25539517,60.0,0.018238233,1
46.442574,157.45059,14.839903,19878.342,0.70363665,10.0,0.009716765,1
38.428925,178.67607,14.63481,20623.062,0.6545857,10.0,0.00800358,1
40.686066,176.33234,15.165458,19878.342,0.7818226,10.0,0.010786518,1
40.653835,182.447,15.031707,19878.342,0.45192507,30.0,0.01248432,1
63.42244,97.91311,13.958228,20623.062,0.7185517,10.0,0.0020524096,1
43.48797,166.5899,14.860805,20623.062,0.58724546,10.0,0.0070533482,1
42.198612,178.84145,14.866387,20623.062,0.5889313,10.0,0.0066723726,1
38.225063,160.98163,15.238311,20623.062,0.43291292,60.0,0.0075890366,1
25.741537,166.81244,15.571518,20623.062,0.6068027,30.0,0.007847801,1
31.950644,151.94415,15.504957,20623.062,0.6779603,10.0,0.00801265,1
29.277727,143.943,15.388834,20623.062,0.79828984,10.0,0.008678395,1
51.268368,89.25608,14.641084,20623.062,0.5950163,30.0,0.011318773,1
37.970833,185.39172,14.8723345,19839.297,0.57748264,30.0,0.009146949,1
49.858513,149.32097,15.172982,19839.297,0.38628507,30.0,0.008623826,1
39.520382,245.66411,14.914261,20623.062,0.77760434,10.0,0.0044446187,1
23.739595,123.51221,15.160677,20217.814,0.63393706,30.0,0.004006325,1
26.481478,135.6323,15.666873,20217.814,0.47091708,60.0,0.0074343393,1
49.20477,208.34013,14.948706,20217.814,0.6668778,10.0,0.010513743,1
46.836853,213.38458,14.73673,20217.814,0.4081258,30.0,0.012154176,1
37.6851,208.34038,14.931878,19839.297,0.6660825,10.0,0.00080848375,1
33.61242,183.16243,15.33895,19839.297,0.7163742,10.0,0.00080848375,1
27.3992,182.02715,15.363832,19839.297,0.7684167,10.0,0.0010779783,1
43.054317,189.03265,15.026675,20217.814,0.5165855,30.0,0.013036408,1
41.201576,207.43607,14.846241,19839.297,0.8715814,10.0,0.005120397,1
24.436226,75.55912,14.877147,19839.297,0.727206,10.0,0.004006325,1
53.80199,78.381424,14.754196,19839.297,0.54779756,10.0,0.0053898916,1
29.28061,71.48453,15.516684,19839.297,0.72921616,10.0,0.0053898916,1
32.248165,81.14425,15.037775,19839.297,0.78349847,10.0,0.0037729242,1
4.6273675,7.3388935e-09,15.973421,19839.297,0.72772706,30.0,0.00097167655,1
53.741306,79.04895,14.5876,19839.297,0.8202513,10.0,0.0024254513,1
45.207745,139.05403,14.737695,19839.297,0.7395539,10.0,0.0055295667,1
32.25758,122.58971,14.798838,19839.297,0.6774178,10.0,0.0059104776,1
33.349525,102.78978,14.727342,19839.297,0.61755484,30.0,0.0018864621,1
42.395706,124.567535,14.830429,19839.297,0.66611964,30.0,0.0056593865,1
32.53758,152.62971,15.055834,20623.062,0.6514241,30.0,0.00080848375,1
39.652836,174.92429,14.933485,20623.062,0.42445293,30.0,0.00026949457,1
51.05454,117.25224,14.810088,20623.062,0.43758902,10.0,0.0037729242,1
46.085,175.95128,14.73567,18918.188,0.30035257,30.0,0.0059104776,1
46.264732,120.73837,14.939923,20623.062,0.34934464,10.0,0.005928881,1
40.168846,87.80196,15.355718,19839.297,0.18374838,60.0,0.013401768,1
21.253,182.70236,15.739041,19839.297,0.3168485,30.0,0.014366867,1
47.318928,101.18986,15.1863365,19839.297,0.30751812,100.0,0.008125161,1
32.257874,98.852394,15.898879,19077.982,0.36198723,30.0,0.00471423,1
19.29013,84.69249,15.453296,19839.297,0.49511287,30.0,0.0026949458,1
43.0792,106.08002,14.702628,19839.297,0.43742397,10.0,0.0037729242,1
56.706886,91.827576,14.8337345,19839.297,0.33204368,60.0,0.011373183,1
31.938707,109.72945,14.946882,19839.297,0.3043719,30.0,0.0021559566,1
14.323226,120.47738,15.972076,19839.297,0.5434402,30.0,0.011449556,1
39.01399,168.24637,15.1432085,19839.297,0.38254943,30.0,0.01114092,1
40.93203,153.63661,14.971614,19839.297,0.6149285,10.0,0.009354996,1
48.25782,175.30717,14.853099,19839.297,0.6188031,30.0,0.009809751,1
28.968683,147.99422,15.222809,19839.297,0.36437136,10.0,0.014129845,1
38.22202,189.38078,15.197947,19839.297,0.30586898,60.0,0.013474729,1
48.664318,184.6261,14.942314,19839.297,0.40226007,30.0,0.01262892,1
25.687063,72.368355,15.605275,19798.672,0.45383155,30.0,0.0061983755,1
43.427372,138.80527,15.426339,19395.494,0.16503471,60.0,0.017851856,1
43.804028,243.97075,14.740516,19798.672,0.5967479,30.0,0.0056593865,1
38.281624,248.33406,14.715128,19798.672,0.7842848,10.0,0.0016169675,1
46.213947,167.82417,14.863239,19395.494,0.32657593,30.0,0.0026678604,1
37.246174,278.5711,15.077748,19798.672,0.7533562,10.0,0.0070068594,1
39.791504,277.81906,15.130759,19798.672,0.7476315,10.0,0.0067373645,1
25.224333,164.18791,15.442043,19798.672,0.44734174,30.0,0.0029644405,1
28.69324,256.31363,15.108897,19798.672,0.56235236,30.0,0.0057168435,1
26.5347,262.54926,15.387691,19395.494,0.5595617,30.0,0.005120397,1
24.075098,59.52075,15.040582,20217.814,0.84450644,10.0,0.003430106,1
48.242844,133.92253,14.729917,19790.332,0.47492176,30.0,0.012195933,1
46.265484,118.69384,14.600475,20217.814,0.85998076,10.0,0.0028647666,1
36.58301,278.78183,14.915607,19790.332,0.33542496,10.0,0.0018864621,1
25.414322,171.11938,15.418426,19790.332,0.72369725,30.0,0.011318773,1
35.327858,79.472115,14.655763,20217.814,0.8358811,10.0,0.00210482,1
49.906517,146.23474,14.676349,19790.332,0.53524274,30.0,0.0026949458,1
41.01278,120.16984,14.485003,19790.332,0.47312042,30.0,0.00053898914,1
42.824467,227.06383,14.885084,20217.814,0.59949404,10.0,0.0026678604,1
57.02809,116.84322,14.465079,20217.814,0.73427844,10.0,0.0018864621,1
66.05608,177.66708,13.784836,19009.473,0.18357687,60.0,0.005627212,1
50.183758,203.41446,14.464346,19009.473,0.7260461,10.0,0.005148687,1
51.63297,178.33656,14.44977,19798.672,0.5793113,10.0,0.007815343,1
46.196606,146.9683,14.45834,19798.672,0.22969988,30.0,0.004387054,1
46.86813,153.47551,14.554725,19798.672,0.3324404,60.0,0.007622458,1
55.01787,156.56464,14.287615,19798.672,0.2703516,30.0,0.006479089,1
44.372963,196.32777,14.493415,19790.332,0.5784633,10.0,0.00210482,1
50.790154,221.1663,14.314131,19790.332,0.54074466,60.0,0.0019056145,1
38.905704,237.21036,15.142871,19798.672,0.64189094,30.0,0.015091697,1
39.124023,317.42343,14.896038,18204.367,0.80197734,10.0,0.0017256073,1
30.6549,205.66989,15.134489,19790.332,0.5134348,60.0,0.007276354,1
58.875347,130.1749,14.199002,19790.332,0.46921033,30.0,0.005120397,1
34.17593,210.87596,15.035992,20217.814,0.8306354,10.0,0.005928881,1
42.736248,82.95541,15.022669,19790.332,0.65779907,10.0,0.01643917,1
31.994787,114.492714,14.992127,20217.814,0.8106428,10.0,0.0013474729,1
31.725163,66.873184,15.6297,19790.332,0.75491405,10.0,0.013474729,1
47.498325,77.143295,14.951011,17858.617,0.30939403,60.0,0.009119117,1
46.271137,44.57691,14.899079,17858.617,0.67647415,30.0,0.0034512146,1
43.509655,134.35936,15.050627,17858.617,0.42485455,30.0,0.004581408,1
24.650757,106.39134,15.969838,17858.617,0.32517886,100.0,0.015361192,1
40.78208,296.76767,15.005872,19798.672,0.7573388,10.0,0.0032451446,1
45.267185,134.88206,14.8593445,19798.672,0.43399513,30.0,0.0028647666,1
32.144844,191.78894,15.341878,19798.672,0.40239432,30.0,0.0060979663,1
29.210876,17.175238,15.455677,17494.824,0.38087785,60.0,0.0015244916,1
37.30542,50.404797,15.425108,17494.824,0.72371715,10.0,0.004767846,1
35.10177,51.548893,15.851313,17494.824,0.30807754,100.0,0.007027559,1
38.513443,112.73561,15.145583,17494.824,0.49804962,30.0,0.0036256788,1
47.332283,101.184555,15.03069,17494.824,0.38778812,30.0,0.0062914146,1
22.933323,60.17342,15.78346,15858.572,0.2233792,100.0,0.0036256788,1
41.98315,92.06183,15.273496,15858.572,0.29735577,100.0,0.004767846,1
42.78587,148.9817,14.734366,18204.367,0.44587973,30.0,0.00210482,1
47.267197,89.14312,14.84335,18204.367,0.50562704,30.0,0.004581408,1
52.099968,88.55578,14.688321,18204.367,0.47904128,30.0,0.0037729242,1
34.220943,178.45438,15.14738,18204.367,0.44694674,30.0,0.0029644405,1
37.633923,233.99565,15.247259,18204.367,0.71875125,10.0,0.0056593865,1
38.84475,78.40376,15.044123,18204.367,0.5590716,30.0,0.0024254513,1
27.250036,112.15821,15.743427,17858.617,0.42901576,30.0,0.0032451446,1
18.90812,131.42374,15.5526,18204.367,0.50028735,60.0,0.00080848375,1
50.51719,284.67786,14.527976,18204.367,0.43007785,30.0,0.0011433687,1
36.608562,62.768234,15.531705,18204.367,0.3315981,60.0,0.0019056145,1
43.05875,221.84818,14.91656,20217.814,0.6900488,30.0,0.009055179,1
20.613098,235.98009,15.167446,19839.297,0.733103,10.0,0.0019056145,1
42.591892,123.08489,14.900091,20217.814,0.5214537,30.0,0.004767846,1
34.962498,161.65553,15.341007,20217.814,0.47887236,30.0,0.009280949,1
29.304447,191.3058,15.399502,20217.814,0.45922247,30.0,0.012916074,1
23.619984,141.0195,15.345818,20217.814,0.57446325,30.0,0.005555773,1
39.968147,105.68752,14.8871765,20217.814,0.7904014,10.0,0.0024254513,1
58.00721,128.82687,14.564172,20217.814,0.4465648,30.0,0.006145422,1
46.64269,128.80652,14.957276,20217.814,0.3860429,30.0,0.0077171507,1
32.16273,82.6047,15.241501,20217.814,0.5194324,60.0,0.011961431,1
39.969902,105.68652,14.798895,19839.297,0.696181,30.0,0.0022867373,1
31.173624,127.98175,15.428506,19839.297,0.7146262,10.0,0.0022867373,1
23.620714,321.01703,15.704259,19839.297,0.6898425,10.0,0.0021559566,1
30.786964,107.389275,15.311767,19839.297,0.79253113,10.0,0.0032451446,1
21.761097,346.7181,15.904741,19839.297,0.75706893,30.0,0.0003811229,1
18.876425,186.15924,15.483443,18054.812,0.4638397,30.0,0.0,1
36.080097,181.44243,15.244721,18054.812,0.37475115,30.0,0.0017256073,1
57.931904,90.0,14.812401,18054.812,0.22031793,30.0,0.003430106,1
52.788517,77.216866,14.785862,18054.812,0.37163645,60.0,0.0026678604,1
66.94478,28.955671,14.40422,18054.812,0.23029023,30.0,0.004192352,1
46.007725,46.556595,14.991327,17557.598,0.18544877,60.0,0.0017256073,1
38.72885,66.19056,15.490398,17557.598,0.2728744,30.0,0.0026678604,1
42.346375,38.602432,15.183443,17557.598,0.31890422,100.0,0.0045734746,1
27.767681,33.889828,15.722358,18054.812,0.22968444,100.0,0.0006026082,1
38.36188,45.943935,15.627307,18054.812,0.12095409,100.0,0.0017044335,1
34.551857,50.60159,15.7164,18054.812,0.22012109,100.0,0.0020524096,1
28.91177,56.159187,15.88136,18054.812,0.303947,100.0,0.0029025455,1
40.789055,173.89612,15.788057,18054.812,0.15641885,100.0,0.0034512146,1
38.56691,197.40791,15.594435,18054.812,0.121482745,100.0,0.0038302378,1
39.980698,169.91756,15.55151,18054.812,0.12875648,60.0,0.00463656,1
47.471355,130.79263,14.792144,20217.814,0.18288311,60.0,0.014704134,1
31.78395,126.93183,15.595086,17811.975,0.29399955,100.0,0.010353643,1
38.916595,131.42543,15.36059,17811.975,0.33034378,30.0,0.011286644,1
24.66273,189.19739,16.10634,17811.975,0.65009254,10.0,0.004460929,1
10.420227,63.88808,16.413113,17811.975,0.4164791,30.0,0.0065126307,1
40.825523,110.85473,15.358971,17811.975,0.31378195,100.0,0.0048509026,1
36.58879,120.10144,15.357806,18054.812,0.15182191,60.0,0.010240794,1
28.416033,153.83908,15.837084,17811.975,0.42465287,10.0,0.0013741582,1
16.008871,73.61427,16.188868,18054.812,0.040152736,60.0,0.011318773,1
52.108727,91.44376,14.740153,18054.812,0.22448248,100.0,0.00646787,1
52.900276,80.13099,15.092262,18054.812,0.34187794,60.0,0.0022867373,1
37.112972,83.85932,15.556756,18054.812,0.3007612,100.0,0.00053898914,1
31.273773,154.97958,15.715355,18054.812,0.28214705,100.0,0.0,1
25.61036,147.59384,15.791368,18054.812,0.32131472,100.0,0.00026949457,1
40.560787,150.45721,15.4573765,18054.812,0.15443346,60.0,0.00026949457,1
32.791946,168.49985,15.583847,18054.812,0.19706881,100.0,0.0018864621,1
33.59404,50.682194,15.6292715,17127.527,0.032240897,60.0,0.0003811229,1
46.292274,90.0,15.371843,17127.527,0.11370903,60.0,0.0028647666,1
37.8239,231.2785,15.5653,17127.527,0.15202983,60.0,0.00080848375,1
39.12731,220.8708,15.443899,17127.527,0.037160482,70.0,0.00026949457,1
23.811092,66.20178,16.014948,16092.782,0.24805847,100.0,0.0067373645,1
37.36827,74.00452,15.474337,16092.782,0.42845565,60.0,0.0040424187,1
36.67275,180.0,15.589411,17127.527,0.26297265,100.0,0.0026678604,1
24.457207,104.42655,15.748334,16092.782,0.48791495,100.0,0.005120397,1
17.663874,156.20647,16.337845,16092.782,0.39426056,100.0,0.007276354,1
29.885605,81.90361,15.687581,16092.782,0.3440016,100.0,0.0056593865,1
27.154943,124.61521,15.888605,16092.782,0.4080189,100.0,0.0048509026,1
36.132732,197.55815,15.495088,17127.527,0.28507647,100.0,0.0040424187,1
28.186535,45.991623,15.8538,16092.782,0.48483643,100.0,0.0048509026,1
30.886868,79.0803,15.814816,16092.782,0.25729832,30.0,0.0060979663,1
28.747396,47.256256,14.965503,19576.125,0.6054316,30.0,0.00646787,0
20.538687,61.62247,14.953726,20869.682,0.5363523,10.0,0.007815343,0
43.364468,29.06046,15.570491,17549.19,-0.033458527,100.0,0.0066286903,0
24.319616,201.3616,14.623589,17357.686,0.633824,10.0,0.0006026082,0
58.02936,152.76369,14.367419,14749.416,0.48165607,30.0,0.0093394555,0
56.503117,205.85408,14.219312,21109.633,0.36735517,30.0,0.0077077337,0
30.376625,48.48526,15.093847,20435.473,0.8555189,10.0,0.004006325,0
24.642502,253.60225,15.002377,19839.297,0.8016922,10.0,0.0024254513,0
37.48761,210.07887,14.680466,18528.613,0.60528576,10.0,0.0059166183,0
20.91729,59.453415,15.402415,17357.686,0.5376538,40.0,0.016717356,0
38.01753,162.26802,14.442837,20869.682,0.5175922,30.0,0.0070068594,0
18.513725,150.47606,16.415054,20217.814,0.6966809,10.0,0.01124474,0
17.185371,108.30343,16.554867,15858.572,-0.042186253,60.0,0.019151188,0
32.124676,68.84257,14.553035,25576.104,0.7976508,10.0,0.01562604,0
15.35954,19.453941,15.072725,17823.441,0.55146545,10.0,0.005928881,0
26.467215,347.27194,15.149505,20614.018,0.8049828,10.0,0.01293574,0
13.797092,171.41234,15.3651705,17449.002,0.7935318,10.0,0.0053357207,0
41.347363,236.50502,15.550382,16637.377,0.21463037,100.0,0.0120068835,0
49.837936,232.06541,14.799309,18659.506,0.39747563,10.0,0.016419277,0
39.007557,230.24434,14.787882,22088.53,0.795579,10.0,0.0015244916,0
32.28832,135.83253,15.607663,18642.445,0.29071972,100.0,0.012127256,0
30.152695,347.24408,15.458362,20913.465,0.83910036,10.0,0.005148687,0
23.229164,230.1209,15.055635,22628.705,0.58200336,30.0,0.0115914,0
20.663622,112.724396,14.904915,21680.863,0.63886267,10.0,0.010318511,0
38.80009,30.03282,15.069389,17961.56,0.66007537,10.0,0.016704317,0
21.261494,217.7734,15.277396,19790.332,0.630584,10.0,0.004767846,0
45.703125,288.41547,15.278543,18642.445,0.3769434,30.0,0.018485444,0
24.648426,85.95404,15.307723,22088.53,0.35636756,30.0,0.022082116,0
40.177895,154.29247,14.607754,22088.53,0.43984774,30.0,0.005120397,0
5.233144,90.0,16.435669,21541.99,0.52421063,40.0,0.00026949457,0
37.563343,227.65921,14.936361,19839.297,0.71607965,10.0,0.00053898914,0
14.592893,29.48507,15.824272,19976.455,0.7612222,10.0,0.015961725,0
25.89621,42.81548,14.911161,18813.666,0.75351834,10.0,0.0007622458,0
17.790539,343.43658,15.42175,19062.879,0.336819,40.0,0.01735679,0
18.789549,76.23746,16.667362,17127.527,-0.08031564,70.0,0.010565425,0
11.666085,45.120895,16.642498,17357.686,0.7297531,10.0,0.013205235,0
5.315989,259.98123,16.183971,18813.666,0.551714,30.0,0.0070068594,0
48.337746,161.92322,15.091351,16092.782,0.28905794,100.0,0.0026678604,0
53.98974,226.03917,15.217821,17449.002,0.11687154,70.0,0.0037825368,0
24.453089,4.6242867,15.691606,18101.326,0.6962227,10.0,0.007622458,0
8.782491,108.32069,15.525048,18266.062,0.74285734,10.0,0.010240794,0
34.185387,317.63034,14.554898,18973.291,0.6406505,10.0,0.0028647666,0
19.346178,242.54456,15.873229,20623.062,0.8845381,10.0,0.012018975,0
29.900414,120.44537,16.101257,14266.9795,-0.043307558,70.0,0.0093394555,0
36.038918,220.84709,14.825408,28701.984,0.7596446,10.0,0.009971299,0
28.782957,13.496369,15.772638,17741.926,0.3627605,30.0,0.012290844,0
18.892488,131.46878,15.348287,18659.506,0.4430061,30.0,0.0075458484,0
19.439491,46.527916,15.1161375,19062.879,0.78563,10.0,0.0100149065,0
34.31449,233.63426,14.484823,19089.688,0.7933552,10.0,0.00026949457,0
25.74091,166.81929,15.397196,21541.99,0.548383,30.0,0.01562604,0
23.2539,50.17784,15.585974,19839.297,0.79257274,10.0,0.011666345,0
26.07342,206.71942,15.932819,19790.332,0.27689525,10.0,0.00053898914,0
54.570133,231.54463,15.255255,16637.377,0.028555159,60.0,0.021888867,0
31.65756,346.26093,14.7794075,24599.621,0.62232625,10.0,0.009162816,0
15.7146225,157.00447,15.099212,19089.688,0.44123542,30.0,0.003811229,0
10.073947,155.66837,15.321597,22628.705,0.57819414,40.0,0.00053898914,0
43.216557,182.23656,15.099356,17449.002,0.7182768,10.0,0.00053898914,0
22.702362,328.34897,15.11586,22209.299,0.5771935,10.0,0.011078817,0
38.395496,312.38406,15.007496,19691.213,0.69000524,10.0,0.013533888,0
51.368103,209.9113,15.006901,17127.527,0.08638575,60.0,0.0093394555,0
38.715385,219.87973,15.945333,15685.598,-0.060354203,60.0,0.0017256073,0
34.218674,218.23349,14.107911,18787.973,0.6401346,10.0,0.0030489832,0
28.53189,329.70782,14.002963,17987.164,0.6325452,10.0,0.0028647666,0
10.547405,79.98653,16.414507,19839.297,0.8132233,10.0,0.00097167655,0
26.15704,8.580332,14.905501,21541.99,0.79597336,10.0,0.009716765,0
22.255705,150.48802,15.969146,16983.965,0.64247304,10.0,0.0057168435,0
26.547968,82.5536,16.117426,17811.975,0.16043398,70.0,0.018325632,0
43.51157,260.18225,15.084883,18311.408,0.006967045,100.0,0.017018748,0
29.927666,55.77811,15.79279,18584.1,0.689709,10.0,0.022663197,0
12.526169,278.37906,15.532967,19089.688,0.4244887,10.0,0.0024254513,0
22.998281,342.4548,15.599985,20340.365,0.78833,10.0,0.0029644405,0
29.534676,3.2317285e-10,14.818571,20869.682,0.618525,10.0,0.009701805,0
33.001194,98.60114,15.534843,17494.824,0.4738574,10.0,0.0026949458,0
23.792465,265.7889,15.5441475,22415.598,0.72698283,10.0,0.012938547,0
54.807518,76.129,15.124967,15685.598,-0.04433621,70.0,0.0048509026,0
12.404803,228.51904,15.820759,24116.514,0.5840921,10.0,0.012536569,0
9.500877,298.9225,16.759602,19140.043,0.66375554,10.0,0.018420503,0
37.925594,261.63812,15.463757,15685.598,-0.08151079,60.0,0.012805956,0
25.799982,209.46725,14.872096,19062.879,0.67831343,10.0,0.013720424,0
30.91775,62.645836,15.557002,17811.975,0.647105,10.0,0.0035034297,0
46.9438,77.77503,15.41383,18054.812,0.08735824,60.0,0.015091697,0
37.900467,159.34464,14.64386,24495.367,0.5717707,10.0,0.011052564,0
23.777903,293.83792,14.817,19089.688,0.75328356,10.0,0.0036256788,0
16.567156,29.467442,15.068617,18787.973,0.39678344,10.0,0.0064902892,0
25.093601,69.77715,14.993112,22422.459,0.5347903,10.0,0.0036256788,0
25.50292,86.10847,14.791418,19577.6,0.6747983,10.0,0.00097167655,0
24.741295,39.39251,14.675785,17987.164,0.7817852,10.0,0.0022867373,0
52.87044,87.8929,14.507892,16345.739,0.70989454,10.0,0.007241335,0
20.814598,309.6971,15.549062,18771.488,0.8486293,10.0,0.018420503,0
37.855385,181.3506,14.482758,20132.086,0.52618885,30.0,0.00080848375,0
48.961723,228.52692,15.035272,18049.291,0.7520159,10.0,0.020212093,0
28.903135,264.95367,15.151909,19009.473,0.822826,10.0,0.0,0
8.171556,116.80317,15.825409,19642.3,0.6442997,60.0,0.0007622458,0
17.824362,284.57974,15.26211,19091.73,0.48478338,40.0,0.00943231,0
14.411547,247.79219,15.367562,19127.525,0.7368347,10.0,0.0010779783,0
41.458805,257.2979,14.880613,19798.672,0.8412435,10.0,0.0010779783,0
23.609453,321.05496,15.701595,17741.926,0.69247043,10.0,0.014674469,0
33.507267,242.31851,14.341561,19089.688,0.75555354,10.0,0.009162816,0
36.516804,40.07444,15.185605,14749.416,0.86539423,10.0,0.0021559566,0
37.49378,329.89908,14.638793,18786.32,0.7332436,10.0,0.008970568,0
33.09287,252.65858,14.788217,25688.568,0.73043454,10.0,0.011215638,0
38.80625,239.78636,14.705304,24495.953,0.53302324,10.0,0.011215638,0
42.75317,134.45874,14.67751,20623.062,0.84680563,10.0,0.010779783,0
48.768566,137.53796,15.101252,19839.297,0.38872057,100.0,0.011369989,0
11.182135,169.31416,16.602621,16345.739,0.68780655,10.0,0.011522273,0
43.375187,54.372013,14.550177,24034.137,0.8236485,10.0,0.009006927,0
38.687225,352.1081,14.418489,20132.086,0.71612,10.0,0.0015244916,0
38.222965,160.99416,14.803125,18659.506,0.7628392,10.0,0.009436159,0
18.358473,50.64353,15.6837225,18101.326,0.74829763,10.0,0.005423474,0
32.24995,140.32547,15.029627,22088.53,0.7500415,10.0,0.025601985,0
43.015923,203.14279,15.364647,17449.002,0.59103274,10.0,0.00646787,0
7.6663036,164.17091,17.314686,15794.851,0.04356885,80.0,0.009705547,0
22.24798,341.75598,14.943909,22209.299,0.77320015,10.0,0.010240794,0
32.348923,53.996258,14.489916,17823.441,0.72103673,10.0,0.00097167655,0
35.846283,254.40233,15.476715,17741.926,0.4561606,30.0,0.003430106,0
34.940166,93.98584,15.476968,19798.672,0.67772734,10.0,0.008958415,0
23.353186,116.73733,16.698805,14809.951,-0.03974567,70.0,0.013531204,0
16.427464,276.30426,15.5527525,19576.125,0.34039474,30.0,0.013474729,0
17.186808,108.30174,16.56832,17127.527,-0.094960585,70.0,0.014512728,0
22.054855,71.35838,15.322527,20340.365,0.7152395,30.0,0.007889336,0
34.548176,304.35117,15.41011,19370.934,0.677082,10.0,0.01321623,0
25.34385,218.17851,14.838499,20005.668,0.4471366,30.0,0.0,0
24.452948,184.61961,15.512239,19642.3,0.532389,30.0,0.011111546,0
23.986572,250.88705,15.398966,18771.488,0.82456654,10.0,0.008358678,0
15.676532,168.68655,16.447859,15794.851,-0.08057985,60.0,0.010633944,0
29.826511,253.59941,15.716867,16983.965,0.73127085,10.0,0.0032451446,0
18.800552,183.09116,16.300062,15554.464,-0.046161987,70.0,0.011331598,0
57.125763,65.91957,14.734288,18054.812,0.1796954,60.0,0.004387054,0
29.787691,208.75732,15.98534,14529.241,0.015693318,70.0,0.0019056145,0
22.54311,159.3814,15.236523,18678.152,0.44726178,30.0,0.006479089,0
38.505936,28.966972,15.349343,17549.19,0.7225025,10.0,0.0024846173,0
15.665455,216.0866,16.316792,16092.782,0.18701133,100.0,0.00080848375,0
29.579662,122.81067,16.055954,17557.598,0.3233116,100.0,0.0028647666,0
35.928795,261.0036,15.906053,14240.55,-0.035101715,70.0,0.017517148,0
40.772385,93.22838,14.627734,21541.99,0.75339854,10.0,0.009809751,0
25.902744,180.0,15.742467,16345.739,0.41486943,30.0,0.010671441,0
28.236803,252.45615,15.136101,24495.953,0.6146625,10.0,0.008384704,0
34.30645,226.52684,15.273508,19790.332,0.8356332,10.0,0.015101318,0
37.462902,6.852262,14.592062,24495.953,0.7382259,10.0,0.010863674,0
41.361195,48.55396,15.138507,16345.739,0.70374244,10.0,0.007815343,0
35.6029,5.862192,14.572426,17987.164,0.7553057,10.0,0.0035034297,0
34.80816,296.25696,15.4026985,19370.934,0.5630342,10.0,0.005928881,0
38.95716,252.52364,15.669936,13868.116,-0.052058395,70.0,0.008728463,0
27.547194,41.856747,14.430969,21541.99,0.71172464,10.0,0.0026949458,0
37.64822,292.19168,15.27582,19140.043,0.7915945,10.0,0.010201714,0
20.140196,301.9832,15.280736,18047.324,0.53156215,10.0,0.015084476,0
19.45736,226.58182,16.055357,18101.326,0.42499584,30.0,0.016883787,0
46.253773,267.33575,14.708699,24116.514,0.7677771,10.0,0.01369128,0
12.369912,215.71596,15.442171,16746.91,0.2328209,60.0,0.008084837,0
16.053041,55.766384,15.254755,25688.568,0.7072209,10.0,0.006860212,0
27.842337,161.82086,14.827004,18973.291,0.7504382,10.0,0.015244916,0
9.129682,307.18402,15.721037,17357.686,0.5512894,40.0,0.004078193,0
36.504288,318.0463,14.856192,20132.086,0.75629693,10.0,0.0021559566,0
5.922332,117.91446,16.918924,16983.965,0.3126563,30.0,0.01716746,0
29.302414,348.71805,15.719238,25688.568,0.8155251,10.0,0.02941938,0
4.8548717,319.67123,15.926749,18786.32,0.4814651,10.0,0.003013041,0
34.36544,6.1553006,15.551556,18101.326,0.7402538,10.0,0.008384704,0
15.83418,328.88654,15.628416,18935.898,0.33942592,30.0,0.004311913,0
31.946005,28.036459,15.430517,17251.365,0.7720398,10.0,0.0030489832,0
37.085384,164.51361,15.1423235,18642.445,0.5405779,10.0,0.0045734746,0
54.72105,118.00566,15.386351,15794.851,0.123425655,100.0,0.0049545974,0
14.919176,204.30823,14.7614565,16202.257,0.8345398,10.0,0.0027746165,0
33.751766,165.6972,15.082125,17858.617,0.86752397,10.0,0.0018864621,0
23.295364,58.24128,15.780976,18681.396,0.804508,10.0,0.017641092,0
26.3776,273.74316,15.105547,20623.062,0.41846713,30.0,0.0018864621,0
23.715712,236.44482,14.978994,20381.895,0.8109697,10.0,0.015817748,0
36.94186,137.04832,14.454392,22209.299,0.6581255,10.0,0.010262048,0
26.299215,349.30774,15.884366,18311.408,0.42223033,30.0,0.0036256788,0
31.510767,253.11487,15.180614,19009.473,0.790274,10.0,0.00080848375,0
29.967382,212.6217,14.588645,19722.232,0.7679045,10.0,0.004311913,0
6.975796,131.41469,17.097378,17127.527,0.04647853,60.0,0.0017256073,0
4.193731,228.52458,16.506104,20869.682,0.4298831,30.0,0.0075458484,0
41.010727,331.03296,14.72286,19576.125,0.6903919,10.0,0.006870791,0
45.244324,31.71584,13.901574,16202.257,0.62402934,10.0,0.0068017356,0
35.35808,79.48401,15.963122,16092.782,-0.07705284,70.0,0.0040424187,0
30.613056,262.1379,14.444584,19089.688,0.7829745,10.0,0.0011433687,0
23.21948,259.12497,15.40593,20913.465,0.5439065,30.0,0.0081072645,0
24.637453,73.59833,15.367505,14749.416,0.60026467,10.0,0.0053898916,0
34.73622,217.45953,15.284978,19370.934,0.6239284,10.0,0.0056593865,0
36.770405,229.46904,15.072199,18935.898,0.5856303,10.0,0.00157141,0
10.078821,155.60588,16.159046,16435.785,0.17954008,100.0,0.011848571,0
49.38959,141.01067,14.814109,17494.824,0.73725367,10.0,0.0066723726,0
30.014261,107.95327,15.288581,17105.393,0.760555,10.0,0.004581408,0
26.209053,128.6683,15.330021,18681.396,0.38109797,30.0,0.009768946,0
28.133116,218.08034,15.269307,20132.086,0.51453096,30.0,0.01124474,0
16.504858,21.760159,15.887826,20381.895,0.46348113,30.0,0.013498962,0
22.902636,175.02954,14.997998,19091.73,0.5474949,10.0,0.0062914146,0
45.794186,60.784317,15.096406,17741.926,0.42403802,30.0,0.004767846,0
38.909084,72.492645,14.40638,18813.666,0.19443531,10.0,0.0021559566,0
36.734352,54.15171,15.655003,16983.965,0.17810066,30.0,0.017375609,0
21.839523,43.36062,15.914029,17494.824,0.63422984,10.0,0.0074343393,0
27.543093,53.860832,14.848188,22088.53,0.5439441,30.0,0.00097167655,0
54.717297,67.08007,14.293215,19149.54,0.7675617,10.0,0.0019056145,0
41.379704,92.10604,15.1015005,19790.332,0.43593052,10.0,0.014222064,0
30.848515,132.6545,14.822575,21109.633,0.3207273,30.0,0.005496633,0
16.917461,322.9708,15.690005,18786.32,0.6568898,10.0,0.00927312,0
41.177975,316.19617,15.454406,18642.445,0.4378629,10.0,0.010290318,0
32.11403,148.33359,14.76405,19577.6,0.52942306,30.0,0.0060979663,0
39.46,344.49332,15.396226,18311.408,0.6206434,10.0,0.0057168435,0
41.374638,78.33694,15.631266,15685.598,0.15313946,100.0,0.0061983755,0
29.891264,81.90547,16.067926,16435.785,-0.046539813,70.0,0.008358678,0
31.239923,39.29198,14.109265,25576.104,0.8074801,10.0,0.0043454696,0
33.41386,131.491,15.067028,18681.396,0.83914214,10.0,0.012396751,0
22.114147,354.83292,15.040974,20005.668,0.52509016,10.0,0.0018864621,0
37.06,202.82237,14.730403,28701.984,0.80388826,10.0,0.0021559566,0
41.943207,234.79842,15.561106,15794.851,-0.03257096,70.0,0.013213482,0
38.993504,178.70195,14.954329,19798.672,0.83605814,10.0,0.01049646,0
15.675181,11.287467,15.271167,18900.357,0.731936,10.0,0.00231828,0
22.273672,53.642353,15.846036,20623.062,0.52424544,30.0,0.01369128,0
29.68815,233.39676,14.884143,28701.984,0.6135328,10.0,0.0013474729,0
45.74361,268.19226,14.994036,17251.365,0.7149454,10.0,0.006579201,0
19.349237,97.949135,15.345661,20381.895,0.69423854,10.0,0.019884245,0
29.158175,62.339657,14.900438,28701.984,0.7720652,10.0,0.018297868,0
5.926608,159.32939,16.875269,18786.32,0.7818443,10.0,0.011814809,0
12.924115,23.500023,15.248532,19091.73,0.57719785,10.0,0.0053898916,0
30.299662,133.83315,15.216773,16345.739,0.7802287,10.0,0.0011433687,0
29.66229,165.10612,15.160596,25688.568,0.45779032,30.0,0.025374029,0
14.921894,204.33241,15.244082,19091.73,0.5283727,10.0,0.0037825368,0
23.832338,85.796844,16.113789,17127.527,-0.061477415,70.0,0.006823058,0
27.399183,182.02596,15.211296,19089.688,0.8343601,10.0,0.0022867373,0
49.50572,110.2167,14.629125,19642.3,0.862688,10.0,0.010004022,0
38.43181,67.19404,14.876676,20435.473,0.84320277,10.0,0.004917815,0
24.064709,295.78384,15.01034,17987.164,0.55392456,10.0,0.0057168435,0
21.5114,291.6934,14.873011,22422.459,0.5659568,10.0,0.005120397,0
31.494713,73.10393,15.266674,18659.506,0.7607385,10.0,0.016734725,0
21.423504,8.046026,15.626813,20381.895,0.7766386,10.0,0.021322455,0
15.968874,106.43021,14.844558,18787.973,0.4236321,30.0,0.0,0
39.828876,250.7338,14.975731,19140.043,0.8060452,10.0,0.012461029,0
26.691885,130.08649,14.742249,20132.086,0.4479657,30.0,0.0021559566,0
44.13482,41.341297,14.409666,18900.357,0.767844,10.0,0.0073607056,0
17.544794,166.61272,15.220439,18528.613,0.42271543,40.0,0.012700602,0
25.08298,231.50029,15.054727,21680.863,0.7488763,10.0,0.0073557706,0
44.749664,33.610256,14.022568,24495.953,0.750963,10.0,0.0022867373,0
24.069286,244.22209,15.1587715,20614.018,0.63963026,10.0,0.003072711,0
43.293495,344.19397,15.046567,20623.062,0.7650271,10.0,0.010863674,0
33.609806,276.9947,15.188447,22415.598,0.78389996,10.0,0.014587601,0
22.751753,74.32378,16.125435,15685.598,-0.05270187,60.0,0.00080848375,0
26.061018,26.656916,14.88869,24034.137,0.6809495,10.0,0.012443531,0
35.825333,54.336494,15.467972,18101.326,0.50624,10.0,0.018709991,0
20.39991,150.52335,15.454914,22209.299,0.3742863,30.0,0.0062914146,0
43.32286,123.31613,15.022797,16345.739,0.6773001,10.0,0.013859989,0
20.27393,82.445595,15.097218,21680.863,0.5428708,30.0,0.0120068835,0
38.256084,93.53101,14.674759,19577.6,0.80226755,10.0,0.011215638,0
12.123335,154.73096,16.781448,18311.408,-0.06562324,100.0,0.017302308,0
18.31356,275.61346,15.012456,22209.299,0.33204734,40.0,0.004078193,0
16.87336,244.7255,15.554312,24495.953,0.5322285,30.0,0.0067857,0
32.20198,51.91058,16.011646,17127.527,-0.06054932,70.0,0.009119117,0
22.881477,274.39966,14.7985935,25688.568,0.7764376,10.0,0.0021559566,0
33.78224,248.718,14.997377,19790.332,0.69546974,10.0,0.0060979663,0
28.144247,314.10672,14.153057,24034.137,0.6482322,10.0,0.00053898914,0
56.59925,353.07178,14.460127,20005.668,0.8085601,10.0,0.0019056145,0
31.196516,266.93518,15.257024,20913.465,0.6781714,10.0,0.006145422,0
43.683754,180.0,14.998583,19798.672,0.6671339,10.0,0.0018864621,0
41.20998,217.35988,15.126273,19696.367,0.8129563,10.0,0.005148687,0
29.592367,270.0,15.521982,18659.506,0.7120685,10.0,0.019937135,0
25.966896,4.321206,16.459274,16520.084,-0.06622004,60.0,0.023285953,0
21.823019,207.20775,14.369188,22422.459,0.57036686,10.0,0.0011433687,0
40.07644,36.092678,15.682963,16403.717,-0.045761354,70.0,0.008102784,0
40.512234,189.88542,14.930832,19798.672,0.8347326,10.0,0.004581408,0
9.423497,12.75023,17.133795,21680.863,0.35928696,30.0,0.014607501,0
16.434298,299.59857,15.535769,18935.898,0.4623799,30.0,0.0018864621,0
42.765236,168.56192,15.516788,17449.002,0.03933637,60.0,0.0150555605,0
31.218641,241.26414,14.886111,18786.32,0.47155163,10.0,0.0022867373,0
49.376358,262.82065,15.399598,17127.527,-0.027481375,70.0,0.009261365,0
8.542916,345.89816,15.125251,17823.441,0.7299632,10.0,0.0062914146,0
29.865541,300.49286,15.481648,18266.062,0.827343,10.0,0.007256364,0
23.614965,321.0364,16.113594,19009.473,0.56879556,30.0,0.020580636,0
15.654615,216.02933,16.344719,17741.926,0.68136895,10.0,0.012946964,0
29.68685,53.39451,14.237281,19091.73,0.7679144,10.0,0.004006325,0
6.7900696,197.88293,15.595377,15545.537,0.08979961,60.0,0.0032451446,0
35.680305,275.17374,14.997156,19839.297,0.8628363,10.0,0.00646787,0
18.429735,337.36612,15.36968,22415.598,0.8184788,10.0,0.0061513283,0
8.376257,96.311775,15.86512,19062.879,0.49152488,40.0,0.012408462,0
36.497513,261.19052,14.304042,17987.164,0.6153674,10.0,0.0013741582,0
26.647478,298.93988,14.7900305,18787.973,0.705718,10.0,0.010297374,0
43.495647,119.65442,14.354215,19089.688,0.72879577,10.0,0.0048583825,0
37.909073,200.70241,15.722443,17127.527,-0.033598587,60.0,0.013619479,0
24.816906,11.426523,15.350471,20913.465,0.8483715,10.0,0.013683321,0
36.33554,194.44958,15.546649,17127.527,0.1975536,100.0,0.0022867373,0
29.19892,301.42526,15.555802,19370.934,0.61476696,10.0,0.00800358,0
17.507498,219.66725,15.477559,18528.613,0.4609002,30.0,0.016279347,0
35.437717,201.15399,15.929123,18204.367,0.26506472,100.0,0.006518204,0
26.135687,248.72131,15.022117,20435.473,0.7782902,10.0,0.0013474729,0
37.969284,226.804,15.559519,15794.851,0.109084964,60.0,0.014344101,0
18.193426,226.40454,14.688357,21680.863,0.5575646,10.0,0.0036256788,0
21.316986,174.62042,14.882504,19062.879,0.74684,10.0,0.010678245,0
24.321352,214.53542,15.518988,18681.396,0.4115362,30.0,0.0013474729,0
39.99473,78.87475,13.916773,22628.705,0.71033496,10.0,0.00210482,0
28.959902,83.280594,14.543187,18786.32,0.6651358,30.0,0.00026949457,0
35.69137,202.49274,15.049333,18659.506,0.75811636,10.0,0.006860212,0
30.529202,299.60968,14.788755,22422.459,0.771151,10.0,0.01798359,0
21.11392,331.6842,16.013603,17741.926,0.29255593,100.0,0.010568862,0
17.209583,353.21796,15.39812,19722.232,0.32511565,60.0,0.0016169675,0
35.66902,217.87346,15.519237,14266.9795,-0.037594963,70.0,0.018333556,0
32.123222,328.30054,14.8264,18813.666,0.6590933,10.0,0.0060979663,0
30.852566,47.353977,15.032622,19976.455,0.50461423,30.0,0.008354332,0
36.30996,28.217611,14.4186,19722.232,0.5898088,10.0,0.0017256073,0
38.493977,208.92259,14.640914,19576.125,0.561633,10.0,0.003430106,0
25.722181,97.72448,16.43524,14266.9795,-0.058678456,70.0,0.01676291,0
38.00441,99.53958,15.051243,18204.367,0.632113,10.0,0.0036256788,0
34.23283,265.9073,15.895056,17549.19,-0.00574246,100.0,0.016332794,0
37.13112,228.48795,14.882331,20435.473,0.54895216,30.0,0.009909195,0
31.777168,38.37694,15.135748,18973.291,0.80469036,10.0,0.019457808,0
32.747147,255.42218,15.229992,28701.984,0.73610824,10.0,0.006473482,0
30.948286,288.9022,14.831991,19691.213,0.762285,10.0,0.018737143,0
42.880707,192.52924,14.71202,22088.53,0.32080448,30.0,0.0056593865,0
23.01257,220.33661,15.913831,16983.965,0.34797978,30.0,0.009006927,0
34.345486,233.68323,15.768696,14240.55,-0.03515497,70.0,0.010101554,0
27.399141,182.02309,15.763937,25576.104,0.6657053,10.0,0.029816626,0
25.188152,58.916378,15.465211,21109.633,0.3733222,30.0,0.0062914146,0
38.674137,231.17421,15.023215,20631.844,0.7215299,10.0,0.0016169675,0
30.547997,343.74152,15.924294,16814.41,-0.054880247,60.0,0.006109865,0
18.800482,356.9131,15.869336,18101.326,0.83908933,10.0,0.0049545974,0
33.582214,1.5801601,15.268752,19140.043,0.80147123,10.0,0.020481588,0
20.155313,95.06043,15.14914,16202.257,0.43118668,30.0,0.015817748,0
35.479336,55.4035,15.426982,19077.982,0.71267194,10.0,0.017300209,0
34.683266,291.98,15.643699,18311.408,0.5159971,10.0,0.0013474729,0
30.142912,307.82843,15.521035,17811.975,0.24962355,10.0,0.0210482,0
30.260033,65.40528,15.1048155,20005.668,0.86212313,10.0,0.008707637,0
56.22432,350.14386,14.38682,20614.018,0.6566389,10.0,0.019287229,0
26.785862,186.25546,15.167822,19790.332,0.6232133,10.0,0.008354332,0
52.914623,139.34496,14.378567,20631.844,0.30862075,30.0,0.0036256788,0
33.283993,142.09897,15.053913,18813.666,0.88145167,10.0,0.0075458484,0
39.633106,163.27316,15.154175,19798.672,0.80244994,10.0,0.00646787,0
39.09648,220.79793,14.597132,19577.6,0.5927456,10.0,0.023439832,0
4.859197,139.61092,18.066137,14086.547,-0.06728339,70.0,0.023110634,0
5.0202656,123.56131,15.840943,18681.396,0.77162075,10.0,0.010863674,0
13.423659,266.11093,15.5607605,20132.086,0.35330108,50.0,0.00795808,0
19.376432,137.42982,15.79091,28701.984,0.50902975,30.0,0.02074233,0
39.051052,183.89299,15.53809,14529.241,-0.06513704,70.0,0.019345507,0
40.75216,63.201794,14.732712,19642.3,0.6234093,30.0,0.008462301,0
25.741488,346.81296,15.328395,19878.342,0.83602154,10.0,0.005148687,0
16.115696,153.69139,15.350329,18047.324,0.5171743,50.0,0.009528073,0
23.236269,230.13727,15.234724,24116.514,0.66758513,10.0,0.005549233,0
16.882275,41.69005,16.300047,17811.975,0.37096235,30.0,0.005416774,0
41.637135,124.366,15.530237,18054.812,0.34304878,100.0,0.007622458,0
25.918736,2.1588619,15.130277,20381.895,0.769487,10.0,0.017398585,0
14.488405,51.210747,15.065659,20869.682,0.39653748,30.0,0.0061983755,0
30.812517,107.37109,15.795493,13868.116,-0.084544115,70.0,0.004767846,0
49.266243,214.6665,15.068237,18054.812,0.42891285,30.0,0.0011433687,0
34.486877,238.77313,15.778799,15794.851,-0.08549909,60.0,0.010413098,0
29.548965,148.94191,15.016049,20614.018,0.6813229,10.0,0.015476593,0
34.023506,332.52234,15.197236,18659.506,0.7996827,10.0,0.0056593865,0
39.685627,59.521587,14.999352,20631.844,0.6134449,10.0,0.007160649,0
41.276665,61.34897,15.242435,19839.297,0.43032625,30.0,0.0100294,0
21.425581,204.83157,15.019341,19642.3,0.536028,10.0,0.0057168435,0
23.413256,282.96194,15.753154,18204.367,0.7558074,10.0,0.003811229,0
29.205631,197.13535,14.798827,19976.455,0.8262331,10.0,0.018343458,0
25.301233,283.86914,16.232588,15858.572,-0.05458818,60.0,0.008798906,0
38.41681,206.08932,15.793647,17127.527,0.031990368,70.0,0.0062914146,0
16.509293,158.1991,16.456842,17494.824,0.325708,100.0,0.011771701,0
35.689335,225.68265,15.607322,17127.527,0.27463216,100.0,0.0021559566,0
19.56469,24.357891,15.505776,17105.393,0.6800325,10.0,0.00800358,0
41.715572,160.77946,15.180944,19798.672,0.43948424,100.0,0.010510289,0
48.823948,296.03632,14.79012,17858.617,0.76420146,10.0,0.0040424187,0
34.54661,50.59236,15.239808,18642.445,0.8613375,10.0,0.00097167655,0
50.57421,163.38493,14.094598,19976.455,0.6260578,10.0,0.011440037,0
33.230957,224.23026,15.030403,18771.488,0.8220553,10.0,0.0053357207,0
39.29626,289.6494,14.928228,17811.975,0.29559568,100.0,0.0029644405,0
38.488396,3.9665275,14.990641,20623.062,0.7227581,10.0,0.008354332,0
18.758802,40.304527,15.511248,19976.455,0.78256834,10.0,0.01293574,0
36.9315,90.0,15.256344,19878.342,0.8432728,10.0,0.008811278,0
47.445694,65.40981,15.409469,19790.332,0.66643006,10.0,0.01360614,0
25.039408,339.3283,15.283095,20132.086,0.5061369,30.0,0.009478397,0
27.173138,311.4695,15.329716,24116.514,0.8082416,10.0,0.017154764,0
15.047365,311.48,15.399447,18900.357,0.56792396,40.0,0.008765827,0
30.990763,332.79504,14.443827,24599.621,0.5894473,10.0,0.00053898914,0
10.148767,174.12581,15.451817,19089.688,0.79105175,10.0,0.006991294,0
27.736631,70.206055,15.2356415,19089.688,0.3330182,10.0,0.0016169675,0
16.853468,41.573338,15.707575,18678.152,0.8199858,10.0,0.00943231,0
19.176825,192.18893,16.675678,17127.527,-0.08000642,70.0,0.0055295667,0
45.33599,172.72025,14.32105,19642.3,0.7078493,10.0,0.0010779783,0
29.890465,243.21808,15.255696,19878.342,0.86600894,10.0,0.010367664,0
35.181038,224.6122,15.431168,20217.814,0.4327561,10.0,0.018968284,0
11.309464,124.5132,15.578497,21680.863,0.6149242,10.0,0.018881937,0
34.67426,232.52504,15.436849,18681.396,0.77778536,10.0,0.007241335,0
24.699244,263.93896,14.884734,17823.441,0.38375482,10.0,0.00463656,0
28.625223,219.54324,14.690048,24034.137,0.5223658,10.0,0.0053898916,0
16.717272,102.45017,15.830101,20623.062,0.8589678,10.0,0.009119117,0
35.460106,147.2386,15.799671,17127.527,0.024578884,60.0,0.012536569,0
38.843,117.539505,14.703574,19577.6,0.76479375,10.0,0.012837111,0
37.392746,354.48984,15.447268,17549.19,0.45061958,10.0,0.009701805,0
34.528934,55.620667,14.854246,20132.086,0.5580192,30.0,0.0049545974,0
45.65495,248.65994,15.061638,19009.473,0.6678845,10.0,0.014005942,0
14.763707,56.438484,14.895973,20381.895,0.5248711,30.0,0.0049545974,0
33.175205,78.57488,15.064009,19140.043,0.66785187,10.0,0.017622557,0
30.99794,27.236553,15.484266,18101.326,0.7737703,10.0,0.0053357207,0
38.752872,165.4751,14.340154,19127.525,0.52877957,10.0,0.0025424068,0
35.664883,240.24777,15.271418,18659.506,0.83779573,10.0,0.012408462,0
31.934769,250.26741,15.703509,19395.494,0.5759647,30.0,0.018675022,0
20.927456,300.5286,15.121039,24599.621,0.36491615,40.0,0.0061572287,0
26.186005,197.32567,15.077191,19127.525,0.4484843,10.0,0.0100294,0
22.44829,225.15002,15.199426,24495.367,0.44161764,30.0,0.005423474,0
38.205338,194.83861,14.801916,22415.598,0.8346325,10.0,0.004387054,0
26.667307,345.228,15.021608,22209.299,0.8212255,10.0,0.011049278,0
28.228113,144.5056,15.855174,19370.934,0.45901412,30.0,0.012769039,0
29.444332,103.26258,14.73982,22422.459,0.3600683,30.0,0.007276354,0
34.784718,60.699333,15.775057,15794.851,-0.06631357,60.0,0.0028647666,0
47.3131,143.73239,14.408884,18935.898,0.69926906,10.0,0.0029644405,0
46.40358,263.80606,14.23373,18786.32,0.5994361,30.0,0.006080075,0
44.76899,168.27385,14.487111,19878.342,0.6650121,10.0,0.0059104776,0
9.399616,264.38828,16.5652,18681.396,0.6894243,10.0,0.01321623,0
28.495564,61.50287,15.884483,18054.812,0.35269165,100.0,0.0038585754,0
35.80001,82.2605,15.066634,18659.506,0.84117085,10.0,0.0042610834,0
30.342205,174.61676,14.759775,19976.455,0.62818193,10.0,0.010913699,0
16.40876,240.34787,15.20603,16202.257,0.4625464,40.0,0.01125765,0
21.050306,53.9251,15.168094,18047.324,0.79697347,10.0,0.011572588,0
34.601543,280.81937,14.311131,22422.459,0.7541736,10.0,0.0,0
20.598307,222.92865,15.196005,24495.953,0.59236777,30.0,0.0010779783,0
29.998545,107.965034,14.718246,24495.367,0.6292002,10.0,0.0062914146,0
36.027676,73.18076,15.085822,18659.506,0.76559514,10.0,0.012139228,0
22.039831,50.22478,15.071064,19091.73,0.49680293,40.0,0.0023025628,0
40.22193,347.46918,15.783693,18204.367,-0.0018305875,60.0,0.016084109,0
36.149593,281.5035,16.026049,15685.598,-0.051633473,70.0,0.013039194,0
29.692453,140.04059,15.271829,24116.514,0.86700934,10.0,0.022679213,0
42.274033,57.711006,14.504835,25576.104,0.65944576,10.0,0.014674469,0
57.30189,305.58643,15.177444,14809.951,-0.070052825,70.0,0.020794787,0
40.04996,143.98116,14.398877,24599.621,0.807537,10.0,0.0026949458,0
36.56468,159.79663,14.083597,18787.973,0.77984715,10.0,0.0026678604,0
43.57878,52.23589,15.347647,18054.812,0.44989917,30.0,0.003811229,0
24.416824,309.92932,14.85989,20132.086,0.49465325,10.0,0.0022867373,0
22.750769,195.19269,15.2484455,22088.53,0.71405303,10.0,0.009735433,0
22.35569,10.256288,15.394969,19976.455,0.80271286,10.0,0.016708665,0
27.57306,135.47923,15.2415495,19127.525,0.6920009,10.0,0.012562611,0
33.73217,353.70193,14.585681,19576.125,0.51727194,30.0,0.0021559566,0
15.591832,280.02222,16.080074,22415.598,0.7230571,10.0,0.013229961,0
23.38942,257.02298,15.082927,22415.598,0.7927481,10.0,0.009035105,0
23.00231,223.57251,14.99675,24034.137,0.52300906,10.0,0.008577382,0
46.213444,167.82883,14.452898,16345.739,0.59627974,30.0,0.008196358,0
11.321368,246.15431,15.587265,21680.863,0.6030479,40.0,0.0120068835,0
50.07765,211.41812,14.781346,18786.32,0.6004694,10.0,0.009909195,0
34.66493,136.52461,14.163096,19091.73,0.5591425,10.0,0.0026949458,0
24.812159,225.55048,15.839183,19370.934,0.5794007,10.0,0.007276354,0
16.909225,36.98996,15.105084,17357.686,0.5420508,40.0,0.0018864621,0
32.717354,75.405136,14.580096,24495.953,0.8075275,10.0,0.007241335,0
16.36614,352.83374,15.670581,21541.99,0.84304845,10.0,0.01350703,0
54.499912,107.47041,13.941295,20132.086,0.69997746,10.0,0.003233935,0
57.229298,140.45493,14.0015335,19642.3,0.42358366,30.0,0.0,0
44.420536,347.05743,13.578586,24034.137,0.6909773,10.0,0.0024254513,0
17.775284,329.13687,15.748695,18384.043,0.7684618,10.0,0.005607819,0
21.061478,337.63608,16.039875,17741.926,0.7079927,10.0,0.018128395,0
43.452312,163.10942,16.01639,17557.598,0.02699116,100.0,0.014822202,0
22.453686,38.426575,16.11955,17549.19,-0.0022986054,60.0,0.0225153,0
37.83222,41.37343,15.122619,18101.326,0.57380307,10.0,0.0049545974,0
29.278162,216.05841,15.215134,19798.672,0.8079586,10.0,0.009675569,0
18.779625,315.56958,15.845045,19140.043,0.6660072,10.0,0.017951252,0
34.12889,270.0,15.127521,18786.32,0.62577593,10.0,0.0040424187,0
38.835598,120.17867,14.58604,19576.125,0.5149185,10.0,0.0013474729,0
33.68685,157.34117,15.485744,17811.975,0.4201352,30.0,0.012273104,0
11.674072,38.42124,16.74176,17549.19,0.118136175,60.0,0.017475639,0
35.067696,262.04688,15.0627365,20005.668,0.83573776,10.0,0.011588267,0
29.284407,66.164925,14.7057495,19089.688,0.6002334,10.0,0.007815343,0
36.9728,329.33063,14.542741,24495.953,0.7051752,10.0,0.010671441,0
35.697807,237.26817,15.012787,19140.043,0.57174045,30.0,0.004581408,0
44.200893,271.9078,14.522059,20631.844,0.70521027,10.0,0.00080848375,0
44.17622,112.530914,14.516912,18973.291,0.8093121,10.0,0.010678245,0
29.235207,226.04059,15.144063,19576.125,0.5726406,10.0,0.0077171507,0
38.321453,303.57312,14.890384,20005.668,0.9029178,10.0,0.013517779,0
26.98461,220.27118,14.464143,16746.91,0.75271976,10.0,0.0045893276,0
24.60919,53.071564,15.084568,19976.455,0.54864377,30.0,0.0135714,0
35.150864,153.71324,15.747819,17811.975,0.7940682,10.0,0.0,0
27.399136,357.97723,14.97108,18047.324,0.7649048,10.0,0.013380074,0
41.14168,169.12634,14.098756,20869.682,0.7620547,10.0,0.0018864621,0
24.278275,111.03156,15.111771,18528.613,0.7671859,10.0,0.011860824,0
33.440895,90.0,15.3794565,17811.975,0.7565564,10.0,0.0051133004,0
12.376171,324.2425,16.698391,17251.365,0.60802907,10.0,0.0015244916,0
40.908176,275.3599,15.526797,15685.598,-0.027452601,100.0,0.007256364,0
38.133934,234.7352,14.851613,19576.125,0.5516641,10.0,0.00759382,0
41.910885,147.95477,14.68696,18659.506,0.7647321,10.0,0.01040961,0
36.3227,208.26732,15.043816,18935.898,0.8526365,10.0,0.0037729242,0
39.9711,118.86779,15.037152,16814.41,0.3362931,30.0,0.00026949457,0
37.531677,312.40057,15.098156,20005.668,0.8274433,10.0,0.008577382,0
19.232206,208.16183,15.0879135,17823.441,0.674943,10.0,0.00210482,0
50.259674,130.24167,15.31342,13868.116,-0.015205439,70.0,0.0067373645,0
13.86634,254.79297,15.649783,18935.898,0.7036293,10.0,0.013412602,0
30.556765,31.78876,15.048489,22209.299,0.7289737,10.0,0.0035137795,0
46.898052,179.01604,15.59264,16637.377,-0.029415555,70.0,0.008974615,0
39.141327,244.05081,13.867133,18787.973,0.7563477,10.0,0.0031543532,0
74.33372,94.94837,13.675731,19642.3,0.7521086,10.0,0.010510289,0
39.420506,240.50659,15.242269,17811.975,0.69747305,10.0,0.0022867373,0
27.147154,325.16586,15.752418,21109.633,0.75638515,10.0,0.017342139,0
32.923492,4.924195e-10,15.198172,22415.598,0.6864412,10.0,0.009178655,0
46.612843,5.971239,15.188194,18204.367,0.30871063,10.0,0.007027559,0
46.542583,110.658165,13.782833,16746.91,0.7454977,10.0,0.0022867373,0
25.8865,219.89508,14.791495,21680.863,0.5924718,10.0,0.009146949,0
28.125023,181.96785,15.73197,15858.572,0.3136928,30.0,0.0055295667,0
52.068367,308.18436,14.861076,19370.934,0.62670463,10.0,0.0007622458,0
28.514225,122.434654,15.556954,20217.814,0.88557994,10.0,0.0015244916,0
17.504519,44.062874,15.725096,18771.488,0.8124864,10.0,0.004581408,0
21.883936,143.70886,15.183116,17357.686,0.7175624,10.0,0.014285755,0
14.420373,292.19287,15.5309305,21680.863,0.4723875,30.0,0.012396751,0
31.328232,217.07564,15.793556,17858.617,0.21792635,100.0,0.02206073,0
10.555021,342.8688,16.366737,18047.324,0.4258876,10.0,0.0075169187,0
31.79129,126.91951,15.834766,16092.782,0.3954096,100.0,0.007815343,0
27.136143,235.35281,15.214749,20623.062,0.54488593,30.0,0.008227313,0
21.80146,246.1281,15.369625,20435.473,0.66173726,10.0,0.0050848136,0
32.225803,41.864727,15.507379,17961.56,0.7863441,10.0,0.020987729,0
4.5824337,66.17532,16.073093,18813.666,0.30218363,10.0,0.0007622458,0
30.23191,180.0,15.330553,18771.488,0.5048086,10.0,0.013150121,0
31.264606,335.0239,14.739041,22088.53,0.795098,10.0,0.0024104328,0
30.371542,200.08644,14.38399,22209.299,0.5998596,10.0,0.0011433687,0
44.60484,216.4652,14.366259,20132.086,0.6342901,30.0,0.0017256073,0
37.072453,205.85902,14.713888,28701.984,0.5335691,10.0,0.0019056145,0
38.35089,142.93341,15.035898,20217.814,0.71508604,10.0,0.0024254513,0
20.409441,280.0218,16.20246,19696.367,0.659581,10.0,0.008367362,0
44.23775,299.916,15.396564,17811.975,0.18885006,60.0,0.011848571,0
34.451126,290.7289,14.744474,19009.473,0.6821413,10.0,0.003811229,0
27.51558,6.0528035,14.710664,19997.1,0.7075562,10.0,0.0053898916,0
20.525455,298.3993,15.417648,20005.668,0.7510419,10.0,0.009146949,0
5.0214105,56.4474,16.552717,21109.633,0.6941363,10.0,0.012195933,0
32.266068,237.4223,15.554727,17858.617,0.65695685,10.0,0.0049545974,0
17.635378,311.4507,15.612696,19009.473,0.4944228,30.0,0.011931034,0
32.84779,323.3524,15.717578,14240.55,-0.024170412,60.0,0.006479089,0
29.18129,62.368107,15.636514,19696.367,0.69966745,10.0,0.0024846173,0
30.466015,86.84499,15.785434,16435.785,0.32879618,30.0,0.00097167655,0
28.834866,285.34482,15.166162,19577.6,0.7724981,10.0,0.018737143,0
31.59139,333.5005,14.743437,22209.299,0.76337004,10.0,0.011049278,0
35.63027,316.28116,15.448515,18642.445,0.53834194,10.0,0.009146949,0
27.216991,93.60916,16.004063,16983.965,0.25573254,100.0,0.014129845,0
30.121841,232.13387,15.253503,18786.32,0.699497,10.0,0.004387054,0
34.241734,95.458755,15.033051,19642.3,0.49260053,30.0,0.0124697685,0
6.9623075,228.48634,16.073616,24034.137,0.48292226,10.0,0.012293798,0
27.382252,345.66046,15.273039,19009.473,0.7668773,10.0,0.0135714,0
22.579977,123.023125,16.186789,17127.527,-0.07516953,100.0,0.011814809,0
21.231472,8.498206e-09,16.610958,17549.19,0.17388037,100.0,0.018078247,0
15.361341,332.11264,16.537203,15685.598,-0.08584319,100.0,0.00053898914,0
38.221302,170.62816,14.982666,20913.465,0.7955986,10.0,0.012443531,0
51.407898,174.12819,13.802153,22088.53,0.53527033,10.0,0.0017256073,0
27.060139,23.226562,15.094901,19140.043,0.52961344,30.0,0.0016169675,0
25.707083,277.72974,15.976573,18054.812,0.07022705,60.0,0.0015244916,0
45.401543,227.90028,15.09254,16092.782,0.2811191,100.0,0.0036256788,0
32.308743,176.67543,14.861852,19790.332,0.721341,10.0,0.0045734746,0
25.885685,250.51341,15.032459,22209.299,0.49784046,10.0,0.011433687,0
23.38761,30.583502,15.653024,20217.814,0.5546406,10.0,0.0107325185,0
33.47621,300.93475,15.240493,19691.213,0.7761937,10.0,0.004581408,0
22.339182,249.23486,15.289702,22628.705,0.47278953,10.0,0.0129805785,0
40.344227,41.989555,14.929153,19149.54,0.82225376,10.0,0.008577382,0
37.453007,291.05396,15.091653,18266.062,0.69771487,10.0,0.011588267,0
33.413315,158.81685,15.137664,19839.297,0.71946794,10.0,0.0070533482,0
27.187239,228.56114,15.722721,18311.408,0.30059478,100.0,0.008893321,0
25.297716,6.6748233,15.63346,18973.291,0.7834154,10.0,0.016214529,0
31.310204,142.97813,14.746867,21680.863,0.6398813,10.0,0.014863793,0
30.84483,324.41074,14.51341,22209.299,0.7475017,10.0,0.0003811229,0
30.734587,42.68448,15.0573015,17105.393,0.82907224,10.0,0.00210482,0
22.969126,294.8425,14.923342,19576.125,0.65357673,10.0,0.0010779783,0
37.084423,126.84503,14.493027,19149.54,0.79399174,10.0,0.00080848375,0
36.332176,14.4221945,15.37413,17251.365,0.76385856,10.0,0.005012889,0
51.980198,150.84248,14.438726,19149.54,0.42867398,30.0,0.014013719,0
17.124594,183.40045,15.697942,18771.488,0.83767694,10.0,0.011490713,0
30.714909,279.40912,14.597051,22422.459,0.7253147,10.0,0.0026949458,0
18.046724,6.4558644,16.272331,17251.365,0.7506179,10.0,0.0070533482,0
25.219746,344.22998,14.793148,17357.686,0.61315316,10.0,0.013541935,0
24.501947,328.4762,15.114493,20623.062,0.78920805,10.0,0.0048509026,0
6.343986,278.37213,16.108639,18813.666,0.40319237,80.0,0.0,0
41.461266,8.356847,15.462529,18204.367,0.20736003,100.0,0.011062416,0
58.479767,225.18098,14.988977,16092.782,-0.0033046813,70.0,0.014293379,0
33.567734,70.03044,15.301739,18642.445,0.8210309,10.0,0.0026949458,0
31.780752,225.13405,14.128176,18787.973,0.7150206,30.0,0.0024846173,0
10.532946,209.46925,15.193748,18787.973,0.74339384,10.0,0.004006325,0
48.411777,237.88974,15.169732,15685.598,0.23912404,30.0,0.004581408,0
34.45208,172.31378,15.296359,16814.41,0.2706405,30.0,0.014552708,0
21.82305,316.68997,15.090511,18900.357,0.5582587,10.0,0.0076604756,0
16.234379,250.51471,15.524258,18528.613,0.607664,10.0,0.015551495,0
50.838825,90.75542,13.889744,20132.086,0.6143803,30.0,0.0026949458,0
46.276485,142.14687,14.926524,19149.54,0.63123345,30.0,0.007487877,0
22.541975,256.46735,16.03345,18204.367,0.2882026,30.0,0.010314991,0
25.88814,70.51563,14.673642,18528.613,0.60817593,10.0,0.007622458,0
7.6844435,212.8801,16.90904,18049.291,0.8016337,30.0,0.010510289,0
24.082016,120.46832,15.741016,17811.975,0.6948481,10.0,0.0057295333,0
38.043663,193.52113,14.524832,25576.104,0.6359782,10.0,0.017247653,0
15.0479965,252.47879,15.870402,24116.514,0.7801186,10.0,0.009055179,0
32.762543,136.84311,15.608795,18311.408,0.26219684,100.0,0.0057168435,0
39.727562,256.48203,15.862854,13868.116,-0.06546292,70.0,0.014293379,0
24.899948,228.50159,14.392123,19062.879,0.5265373,10.0,0.0006026082,0
32.199802,286.42532,14.805318,19976.455,0.7446619,10.0,0.01643917,0
33.992702,310.40308,15.132623,19798.672,0.7842161,10.0,0.017597811,0
31.971998,213.91263,15.539309,18266.062,0.5739628,10.0,0.012127256,0
12.6614,102.48426,15.82153,20614.018,0.5701312,30.0,0.0050848136,0
13.667197,101.52009,15.880057,18101.326,0.7416691,10.0,0.008522167,0
21.252945,177.3012,15.026891,21680.863,0.61909175,10.0,0.013158402,0
20.623241,171.61842,14.99699,16746.91,0.5960447,10.0,0.012103277,0
26.319283,285.17725,16.147814,14529.241,-0.06761309,70.0,0.0115914,0
23.447008,306.66812,15.5905695,24116.514,0.7931116,10.0,0.014283213,0
48.24319,51.5802,14.273802,19722.232,0.78082347,10.0,0.0032451446,0
25.966393,184.30426,15.379678,18771.488,0.827465,10.0,0.011870005,0
32.463062,78.254364,15.297274,18659.506,0.7592037,10.0,0.009528073,0
45.144333,213.1194,14.690715,24495.367,0.45847654,10.0,0.018436266,0
47.762085,181.91087,16.018286,14086.547,-0.07162313,70.0,0.023321794,0
28.054243,24.319836,14.740587,24495.953,0.59302235,10.0,0.0059104776,0
18.502802,298.92883,16.347488,18681.396,0.8490575,10.0,0.016029831,0
59.92457,12.853273,14.483319,20005.668,0.9968355,10.0,0.01401631,0
19.629902,129.44951,16.603615,13868.116,-0.09079091,70.0,0.0028647666,0
31.75069,257.92056,15.4880905,19790.332,0.83687854,10.0,0.004311913,0
51.758358,85.60997,15.162351,19077.982,0.79831564,10.0,0.021827398,0
49.266335,111.250496,15.094612,17494.824,0.6846515,10.0,0.0097205015,0
15.78747,309.03506,15.6542635,18528.613,0.542157,50.0,0.01600716,0
25.918758,2.1604002,15.49172,17105.393,0.81136477,10.0,0.009280949,0
46.29683,171.9513,14.990682,18049.291,0.7490167,10.0,0.010510289,0
2.802376,131.40703,17.570124,17127.527,-0.05190652,70.0,0.0022867373,0
52.974148,124.17008,13.532443,16202.257,0.52808076,10.0,0.0012052164,0
27.563911,233.89787,15.263974,19839.297,0.7956113,10.0,0.0013474729,0
30.011915,202.3601,14.409353,20869.682,0.7225571,10.0,0.003233935,0
27.05162,322.41895,15.55693,18935.898,0.559034,60.0,0.016474476,0
6.228845,42.13404,16.389854,28701.984,0.7070885,10.0,0.00959643,0
26.67834,236.79239,15.135056,20340.365,0.7419784,10.0,0.007815343,0
19.23495,331.8217,15.432153,19976.455,0.50132436,30.0,0.012127256,0
30.72405,220.30222,15.26296,21109.633,0.5079618,30.0,0.0074343393,0
41.662617,26.945326,14.971577,19149.54,0.7607754,10.0,0.018327612,0
28.528017,342.3529,14.905989,19140.043,0.834903,10.0,0.012666246,0
31.97961,146.06218,15.764332,18054.812,0.34568426,100.0,0.013619479,0
41.62626,204.38454,15.540229,17549.19,0.2452174,100.0,0.01751922,0
35.6039,185.8827,15.4837675,17858.617,0.21022408,100.0,0.019151188,0
8.853006,200.71117,17.092731,13868.116,-0.07081087,70.0,0.0022867373,0
36.1489,4.3153043,15.254425,18659.506,0.8181314,10.0,0.013767982,0
33.48474,242.29282,14.518299,20381.895,0.6517218,30.0,0.008039797,0
24.437786,50.117226,16.007702,15858.572,-0.059212353,100.0,0.011638298,0
35.779915,188.77106,14.483662,18900.357,0.7332024,10.0,0.0010779783,0
20.755047,255.14978,15.865108,16779.879,0.1822306,30.0,0.02431134,0
37.094116,247.33418,15.508193,14086.547,-0.04920344,70.0,0.016178656,0
34.24988,176.9155,14.628022,19089.688,0.7698114,10.0,0.005496633,0
32.195286,299.2419,15.4369335,18049.291,0.8755617,10.0,0.011588267,0
34.057793,251.86157,16.06075,15794.851,-0.07319441,60.0,0.016448002,0
24.730492,276.0523,15.751741,18935.898,0.78238654,10.0,0.006343149,0
28.780933,193.47636,15.016315,16746.91,0.7850892,10.0,0.0021559566,0
18.906578,238.675,15.465761,24495.953,0.54486567,30.0,0.011857762,0
28.711258,203.62796,14.75526,25576.104,0.5920928,10.0,0.010240794,0
46.21157,167.84622,14.251979,19127.525,0.59366804,10.0,0.0067373645,0
23.240034,50.145943,15.238112,22088.53,0.6855703,10.0,0.0024254513,0
28.785301,27.883492,15.499208,16435.785,0.34555444,100.0,0.0032896006,0
20.310802,307.75616,14.274862,19722.232,0.5351245,10.0,0.0011433687,0
24.087393,244.24556,15.636993,18584.1,0.6277229,30.0,0.008840079,0
21.420078,335.20343,15.507886,18771.488,0.79924744,10.0,0.010833548,0
40.868706,245.6957,15.214038,19370.934,0.3857799,30.0,0.0120068835,0
20.331175,127.70776,15.319287,20132.086,0.40296113,60.0,0.008436515,0
31.333776,313.73398,15.033689,19878.342,0.7920669,10.0,0.0029644405,0
24.225998,102.46567,14.898289,19127.525,0.7327175,10.0,0.0019056145,0
30.823427,12.397847,14.550943,19127.525,0.6479988,10.0,0.006518204,0
37.19619,57.775463,15.462087,17811.975,0.50618494,30.0,0.020123867,0
26.707195,108.76923,15.27692,20132.086,0.7801594,10.0,0.013720424,0
13.031035,119.31485,16.471205,17858.617,0.6966707,10.0,0.009154886,0
36.747265,355.78076,15.292012,18049.291,0.6123584,10.0,0.00080848375,0
28.13139,331.40622,15.208278,18771.488,0.8094576,10.0,0.007321132,0
12.558781,160.84785,15.747447,18678.152,0.49210444,30.0,0.007241335,0
22.772501,231.90437,15.872472,15685.598,-0.0571002,60.0,0.0024403774,0
30.43147,265.25793,14.664879,19062.879,0.721703,10.0,0.017283408,0
34.881092,234.5126,15.022381,19140.043,0.7884819,10.0,0.017475639,0
30.31691,203.99956,15.141507,20005.668,0.6788246,10.0,0.0073310453,0
32.791286,25.23481,15.264519,18049.291,0.47232,30.0,0.0056593865,0
29.164305,259.97708,14.979159,19089.688,0.6803657,10.0,0.008958415,0
22.431255,38.346336,14.926246,19062.879,0.5613924,10.0,0.004006325,0
17.209515,353.21997,14.509438,19722.232,0.05962536,60.0,0.0003811229,0
29.181486,297.63165,15.241686,18935.898,0.8292144,10.0,0.012769039,0
24.64214,53.136864,16.149054,18204.367,-0.019862581,100.0,0.010482612,0
39.495228,318.27478,13.781348,19722.232,0.66489697,10.0,0.0032451446,0
25.679249,66.17135,15.010157,14749.416,0.72239727,10.0,0.00053898914,0
31.575495,202.80449,14.957218,21541.99,0.7682491,10.0,0.013474729,0
17.45474,261.1152,15.4547825,18678.152,0.8293162,10.0,0.008765827,0
6.7924576,197.94583,17.003643,17549.19,0.42621264,10.0,0.00053898914,0
49.05208,55.816853,14.583082,19790.332,0.7676038,10.0,0.004387054,0
25.155529,329.51416,15.024756,18813.666,0.730733,10.0,0.0037729242,0
36.340324,341.11917,14.470134,22088.53,0.71062744,10.0,0.0026678604,0
36.75491,347.2489,15.3272085,18049.291,0.821644,10.0,0.014505219,0
20.731674,340.20322,15.617649,19140.043,0.28580612,30.0,0.0072813425,0
28.881044,356.19818,14.643984,17357.686,0.743448,10.0,0.0039239004,0
43.04857,159.35913,14.97773,19691.213,0.5623357,30.0,0.00026949457,0
21.4778,68.26736,15.161654,20614.018,0.5118239,30.0,0.0015244916,0
42.550926,266.96747,14.704964,19009.473,0.49536902,30.0,0.005120397,0
17.302881,87.021355,15.059854,20381.895,0.53287435,40.0,0.0019056145,0
25.343563,224.13159,15.405154,18935.898,0.44467515,30.0,0.0032451446,0
29.148943,62.32828,14.382458,17823.441,0.7014016,10.0,0.0017256073,0
36.284855,352.84537,13.964088,16746.91,0.7089506,10.0,0.0040424187,0
14.420657,93.60933,15.657749,18813.666,0.80000794,10.0,0.003333464,0
33.246742,315.7344,14.659253,19127.525,0.5363816,10.0,0.0073557706,0
44.878544,352.5903,15.129603,18642.445,0.41853103,30.0,0.013339302,0
33.885155,214.96356,15.083292,19009.473,0.882571,10.0,0.008640653,0
29.56613,244.65782,14.696569,18973.291,0.80509317,10.0,0.008661642,0
22.902456,175.03526,15.336178,17987.164,0.33803335,30.0,0.014487684,0
56.14052,152.95024,14.135291,18786.32,0.39421228,30.0,0.0024846173,0
29.355412,228.55023,15.587074,18266.062,0.7766418,10.0,0.010130272,0
30.15046,167.26683,14.365052,19722.232,0.57178754,10.0,0.003233935,0
37.84767,1.1987706e-08,14.356131,17357.686,0.68808705,10.0,0.005120397,0
30.491213,274.73074,15.382554,19798.672,0.79736453,10.0,0.013474729,0
21.31703,174.61903,14.488059,18787.973,0.8046238,10.0,0.0026949458,0
10.978556,318.67798,15.818093,25688.568,0.8052944,10.0,0.009055179,0
22.844646,182.48592,14.99909,18678.152,0.47382855,30.0,0.005308428,0
38.78176,170.81792,14.687872,19642.3,0.59873146,30.0,0.0048583825,0
25.650188,97.74953,14.655003,19976.455,0.48370072,10.0,0.0120068835,0
15.58519,259.97324,15.305657,22422.459,0.36806872,40.0,0.010779783,0
46.736416,199.1644,15.1123085,15685.598,0.016815333,70.0,0.0040424187,0
28.525118,342.37463,14.519049,16746.91,0.7048381,10.0,0.006860212,0
21.820303,332.80756,15.002685,17823.441,0.63522536,10.0,0.008958415,0
32.883804,298.40637,15.431922,17811.975,0.30940133,30.0,0.011049278,0
4.300793,257.56976,17.5342,14809.951,-0.07751429,70.0,0.00026949457,0
23.474714,291.8849,15.042797,20132.086,0.72633713,10.0,0.0048509026,0
23.132366,350.1308,14.979347,28701.984,0.71631587,10.0,0.0058175884,0
41.945908,219.23685,14.863254,19395.494,0.6809049,10.0,0.00053898914,0
6.396927,305.2783,16.859642,18681.396,0.81687737,10.0,0.013213482,0
5.6444955,349.33163,16.367489,25576.104,0.18824212,30.0,0.0,0
38.664646,320.245,14.919675,19640.19,0.81802297,10.0,0.0075890366,0
34.16972,210.8536,15.039,22415.598,0.8189583,10.0,0.008893321,0
40.780876,58.30089,15.44588,17494.824,-0.00023339939,100.0,0.019768856,0
47.26706,125.67879,14.413345,18659.506,0.5338666,30.0,0.0060979663,0
26.209183,291.2065,16.340832,15858.572,-0.07733836,100.0,0.0053357207,0
22.252459,341.71725,16.197798,18311.408,0.6790062,10.0,0.010510289,0
13.685515,355.6877,15.247324,18900.357,0.57232356,10.0,0.0074343393,0
12.908095,286.41153,15.85885,18935.898,0.61150396,10.0,0.00080848375,0
19.233484,208.16951,14.648955,19976.455,0.53003407,10.0,0.00053898914,0
15.039989,228.49396,14.462271,18047.324,0.68362355,10.0,0.009261365,0
35.931282,163.83917,14.988712,19839.297,0.7604636,10.0,0.006523773,0
45.274403,353.7594,14.877905,20005.668,0.8677039,10.0,0.017597811,0
39.45522,267.74554,14.555807,18771.488,0.7911131,10.0,0.0076699504,0
49.792038,262.92593,14.918548,17549.19,0.33570978,100.0,0.01248432,0
0.0,0.0,0.0,0.0,0.0,0.0,0.0,0
19.87193,254.41185,15.389557,21541.99,0.5869921,30.0,0.009401461,0
5.589806,48.578396,17.189837,17549.19,0.29089049,30.0,0.010402631,0
28.860226,56.077354,15.095004,22209.299,0.7627923,10.0,0.012423087,0
27.380043,194.31836,14.733131,22628.705,0.42796957,30.0,0.007453852,0
28.636848,306.3632,15.28926,18659.506,0.81620544,10.0,0.014552708,0
18.434797,278.37732,15.822859,22415.598,0.44273642,30.0,0.015700229,0
14.544438,339.37515,16.14189,18771.488,0.8400642,10.0,0.005120397,0
36.9957,149.25041,15.671051,17549.19,0.19442834,100.0,0.016392715,0
26.045986,6.4498816,14.99647,28701.984,0.7085206,30.0,0.004581408,0
27.42906,302.02173,15.68433,19370.934,0.69626564,10.0,0.0147263445,0
40.60309,33.80668,15.374301,17494.824,0.27213505,30.0,0.015556165,0
15.054807,252.48735,15.750807,22415.598,0.3680624,40.0,0.003233935,0
48.286655,113.83018,15.01119,18659.506,0.8207641,10.0,0.007114861,0
29.607174,75.14428,15.152606,19277.285,0.63077307,30.0,0.009354996,0
32.652866,350.11975,15.145962,18266.062,0.8105061,10.0,0.00943231,0
41.349495,163.03677,15.13746,18311.408,0.28537592,100.0,0.0049545974,0
32.033943,265.5485,15.901217,17549.19,0.0024415827,60.0,0.017256074,0
27.41736,302.03964,15.396157,20913.465,0.755914,10.0,0.016459038,0
24.374075,284.4835,15.03358,20340.365,0.80200857,10.0,0.011166966,0
35.069496,117.46322,14.699911,19089.688,0.79396576,10.0,0.007926074,0
24.662115,189.18736,15.6325655,18918.188,0.8753075,10.0,0.011588267,0
42.82947,127.677124,15.136625,20217.814,0.6326011,10.0,0.012938547,0
40.410496,217.00648,14.3493,28701.984,0.5545507,10.0,0.005120397,0
19.244888,87.34236,15.992396,15858.572,0.24629447,30.0,0.0,0
38.754707,345.46057,15.1448145,19696.367,0.77120215,10.0,0.004311913,0
20.012936,44.674786,15.24397,19722.232,0.38259697,40.0,0.015094102,0
10.399649,63.831253,15.819557,20381.895,0.50581014,40.0,0.0010779783,0
11.70787,297.94882,16.523417,18681.396,0.7590322,10.0,0.012195933,0
27.167337,90.0,15.235581,20623.062,0.84067464,10.0,0.016178656,0
27.140255,214.8097,14.266143,19722.232,0.5960718,10.0,0.00053898914,0
43.549538,232.19049,14.93959,17105.393,0.7887984,10.0,0.0024254513,0
44.225906,195.2887,14.847394,19149.54,0.70854247,10.0,0.007027559,0
54.590492,171.76785,14.006948,19642.3,0.62564045,10.0,0.0029644405,0
23.333803,58.30666,15.911156,16092.782,0.67244714,10.0,0.0049545974,0
34.676857,190.66426,14.169351,19722.232,0.33255285,30.0,0.0032896006,0
29.052822,73.058136,14.430641,21541.99,0.8199508,10.0,0.0057168435,0
45.62941,205.49136,14.544756,19009.473,0.4004981,30.0,0.008302008,0
49.226963,195.58907,14.485006,14749.416,0.6077771,30.0,0.009909195,0
26.345917,271.8732,15.403333,18266.062,0.60774004,10.0,0.008196358,0
44.246048,184.31131,14.84317,21109.633,0.5492672,10.0,0.012769039,0
20.683062,226.68188,14.961313,22422.459,0.4180877,30.0,0.0016169675,0
30.353188,88.41596,14.82839,17823.441,0.7008895,10.0,0.007256364,0
33.38474,90.0,14.248299,24599.621,0.78253573,10.0,0.0024254513,0
14.829228,168.03407,15.002333,18047.324,0.7769543,10.0,0.00080848375,0
19.697895,5.8734527,15.545929,20132.086,0.4918598,30.0,0.004122474,0
1.052033,90.0,18.032955,13868.116,-0.06401105,70.0,0.008840079,0
17.072561,147.49489,15.730866,19790.332,0.7777901,10.0,0.018768126,0
40.96532,126.62891,15.063212,19370.934,0.50158554,30.0,0.005308428,0
42.30839,43.18225,14.517544,18786.32,0.7240573,10.0,0.0007622458,0
30.756582,209.48708,14.976706,28701.984,0.44030783,30.0,0.004485284,0
33.32071,343.8097,15.061036,19149.54,0.7973154,10.0,0.0072813425,0
26.70411,56.834393,15.224035,19976.455,0.55005014,30.0,0.007276354,0
20.813967,230.30133,15.674881,20340.365,0.4595029,40.0,0.012582829,0
12.924999,23.509354,15.703351,18973.291,0.31909454,40.0,0.008384704,0
26.72254,251.24374,15.351311,19798.672,0.842481,10.0,0.0028647666,0
28.84113,1.9088765,15.612203,17494.824,0.47839877,30.0,0.0061513283,0
22.247574,18.240484,14.270062,24034.137,0.8006114,10.0,0.0037729242,0
41.892925,347.0297,14.319973,24495.367,0.743605,10.0,0.008623826,0
41.346493,56.503864,14.840692,17494.824,0.78018177,10.0,0.0022867373,0
31.236637,138.36034,14.702179,19089.688,0.5157448,30.0,0.0040424187,0
31.185373,127.96105,15.911252,16092.782,-0.05707341,70.0,0.008623826,0
38.331284,134.11697,14.548065,22422.459,0.28199732,10.0,0.004311913,0
19.081005,232.52829,15.412482,24599.621,0.45563835,10.0,0.0059104776,0
33.288578,257.18005,14.368161,18047.324,0.5932673,10.0,0.010943604,0
40.929684,145.22493,14.59904,18692.38,0.7184346,10.0,0.011373183,0
34.6537,247.99446,14.467583,22422.459,0.4906493,30.0,0.010240794,0
29.36133,337.03888,14.78868,17357.686,0.670642,10.0,0.009162816,0
32.99676,235.01292,15.823065,16637.377,0.0035657312,100.0,0.015361192,0
10.507563,127.65748,17.120142,16814.41,-0.019589314,70.0,0.0018864621,0
12.382968,324.19745,17.275032,16637.377,-0.058033407,70.0,0.014119562,0
33.746906,223.37401,15.859053,14240.55,0.04788511,60.0,0.0024846173,0
16.72518,165.85286,16.724161,14086.547,-0.08039909,70.0,0.018392881,0
39.569965,177.45818,14.942398,18935.898,0.5531586,30.0,0.0059104776,0
28.623579,222.13762,15.626778,18681.396,0.83323157,10.0,0.008598524,0
34.974148,166.38794,14.519912,17823.441,0.5009509,10.0,0.008354332,0
36.2836,268.7365,15.300849,17494.824,0.43377274,10.0,0.004006325,0
22.009642,265.40607,15.454969,22422.459,0.48913935,30.0,0.01643917,0
15.658358,293.84454,15.862197,24116.514,0.6983132,10.0,0.014005942,0
17.156467,251.66264,15.878732,19140.043,0.71876234,10.0,0.0067857,0
15.764247,283.26007,15.630909,20913.465,0.49083465,40.0,0.002976665,0
39.893654,112.78625,15.312757,17494.824,0.599521,10.0,0.00463656,0
27.39681,205.0721,14.746088,21109.633,0.5614234,30.0,0.0045734746,0
29.39773,33.57025,15.091814,20623.062,0.75951374,10.0,0.004767846,0
53.653107,106.61123,14.894168,19790.332,0.7061616,10.0,0.014055118,0
26.89672,52.675034,15.46431,20217.814,0.8569267,10.0,0.006860212,0
44.550556,134.99792,14.508071,19089.688,0.56936336,30.0,0.009809751,0
24.065664,209.5512,16.129765,16435.785,-0.020254996,70.0,0.015436654,0
30.391815,268.41843,15.790627,19696.367,0.7297972,10.0,0.014822202,0
37.17685,331.05972,14.973595,18204.367,0.32661203,70.0,0.008577382,0
16.35609,93.16189,15.624178,22088.53,0.47326493,30.0,0.0037536253,0
34.364777,6.1420856,15.122112,17961.56,0.75343835,10.0,0.011078817,0
18.938967,238.73918,15.601369,20623.062,0.46352026,30.0,0.012582829,0
27.476141,66.129875,15.447529,17961.56,0.6947125,10.0,0.014941768,0
35.15415,137.35567,15.624492,18642.445,0.4680059,30.0,0.011052564,0
34.87635,71.0253,14.988522,19140.043,0.42842156,30.0,0.019674951,0
29.365135,311.4297,15.531468,19839.297,0.7687368,10.0,0.005928881,0
33.79244,330.54764,15.209987,18771.488,0.84408385,10.0,0.02086278,0
43.089935,223.38135,15.503086,16435.785,-0.034730624,70.0,0.013339302,0
41.967342,225.41557,14.169264,24599.621,0.79121095,10.0,0.00026949457,0
37.033417,112.71859,13.94477,18900.357,0.82481015,10.0,0.00097167655,0
26.513952,262.54245,14.710297,22415.598,0.48601612,30.0,0.0026949458,0
21.524536,111.67809,15.672038,16983.965,0.8186392,10.0,0.0028647666,0
30.966755,176.49312,15.920906,15554.464,0.003082005,60.0,0.014229722,0
33.022934,310.35593,15.447109,17811.975,0.33682582,100.0,0.011318773,0
27.525612,288.0969,15.769625,18204.367,0.50545937,10.0,0.008958415,0
28.65288,53.66484,16.293547,20217.814,0.8061616,10.0,0.0115914,0
31.480305,260.8733,15.065012,19696.367,0.6561758,10.0,0.0057611363,0
25.006826,193.6606,16.753752,13868.116,-0.039234012,70.0,0.0076081525,0
14.961366,321.9525,15.36198,18378.709,0.6167031,10.0,0.004767846,0
29.077003,307.68607,15.772043,19395.494,0.70744807,10.0,0.010318511,0
32.266426,98.84945,15.256575,18054.812,0.20450896,60.0,0.0032451446,0
44.291462,185.38278,14.539742,21109.633,0.33877906,30.0,0.0093394555,0
33.00199,229.6051,15.256729,20913.465,0.76512337,10.0,0.0061983755,0
23.60358,38.925217,15.046193,28701.984,0.81051755,10.0,0.01363813,0
19.175959,12.176007,15.464467,20217.814,0.66592723,10.0,0.0093394555,0
35.968582,249.09004,15.073185,19696.367,0.6590211,10.0,0.013517779,0
29.580683,88.365814,15.18307,28701.984,0.5861828,10.0,0.018968284,0
25.131332,69.813286,16.014662,16637.377,0.45080036,10.0,0.004006325,0
40.74537,347.70792,15.074548,19790.332,0.54581106,10.0,0.0,0
29.20558,71.425476,14.938096,18678.152,0.7324284,10.0,0.007400068,0
21.423948,351.94473,15.3733635,18813.666,0.6573039,10.0,0.0022867373,0
52.67278,221.15082,15.283601,14086.547,-0.002980055,70.0,0.013619479,0
50.72906,149.35355,14.52355,19790.332,0.75306517,10.0,0.011312354,0
35.18398,340.28995,14.471046,17357.686,0.5877439,10.0,0.0026949458,0
23.286867,160.0991,14.8830805,21680.863,0.7757522,10.0,0.015320951,0
53.46262,117.891075,15.12078,15858.572,0.2781148,100.0,0.00946306,0
33.13933,252.69026,15.777101,16983.965,0.32050484,30.0,0.013873083,0
27.106419,207.68709,14.916714,25688.568,0.4434136,10.0,0.014552708,0
15.360825,340.53183,15.679063,19576.125,0.32609496,30.0,0.006753515,0
19.823303,234.28334,14.988208,19062.879,0.5946279,10.0,0.007815343,0
22.100431,251.40247,15.56883,19878.342,0.81959724,10.0,0.0064284485,0
16.72233,14.1060705,15.8266945,21109.633,0.8113018,10.0,0.018485444,0
20.131935,272.53094,15.727988,19140.043,0.8656746,10.0,0.020658126,0
25.90186,101.53742,15.329675,21109.633,0.38479224,30.0,0.00646787,0
23.30276,12.272514,15.424845,22088.53,0.81353265,10.0,0.018704167,0
29.97896,147.33653,14.029836,19576.125,0.32954353,30.0,0.0006026082,0
40.26453,256.74158,15.25413,18935.898,0.7931071,10.0,0.016704317,0
14.7500305,244.50722,15.22663,15900.082,0.4878475,40.0,0.010850295,0
16.120607,333.65417,15.377087,18935.898,0.79961985,10.0,0.0029644405,0
13.171279,231.497,15.972141,24116.514,0.83192223,10.0,0.018889628,0
20.443874,357.18484,15.419599,18528.613,0.6966713,10.0,0.0120068835,0
22.540943,303.09482,14.780067,24599.621,0.7788437,10.0,0.00420964,0
32.11362,248.83307,14.199087,19722.232,0.76232255,10.0,0.0060979663,0
40.258255,208.43663,15.139297,18266.062,0.71993,10.0,0.0038585754,0
22.934393,107.82206,15.490119,24116.514,0.8231658,10.0,0.015920723,0
23.10574,313.07388,15.522465,19009.473,0.8142343,10.0,0.0053898916,0
31.106602,353.0386,14.963161,20614.018,0.8235885,10.0,0.003233935,0
31.025564,5.247241,15.301401,20631.844,0.7623074,10.0,0.004775456,0
41.902138,20.26661,14.045375,17357.686,0.55644524,10.0,0.01519003,0
19.536901,291.40485,16.221333,16092.782,0.41422272,100.0,0.004311913,0
46.106644,214.3675,14.692592,19839.297,0.7728553,10.0,0.0040424187,0
30.592842,64.01873,15.769757,16983.965,0.5855489,10.0,0.009226008,0
39.711792,159.31311,15.086602,19798.672,0.48472947,30.0,0.007889336,0
40.315575,221.92496,14.234777,24034.137,0.7635823,10.0,0.0021559566,0
7.78303,306.3113,17.87613,16814.41,0.051348094,70.0,0.00943231,0
24.830244,216.42297,15.080228,22088.53,0.7369453,10.0,0.0011433687,0
21.985914,344.2106,14.884237,18900.357,0.7575169,10.0,0.0015244916,0
44.51764,139.22517,15.11714,17858.617,0.3922689,100.0,0.0050633433,0
54.10748,62.81429,14.709373,18054.812,0.56198525,30.0,0.00026949457,0
12.809634,184.63155,17.454744,14266.9795,-0.07641369,70.0,0.012396751,0
23.29244,121.76371,14.889803,24599.621,0.50495046,30.0,0.0026678604,0
29.739113,187.37257,15.461444,20623.062,0.88719606,10.0,0.013271069,0
33.766975,111.29486,14.796217,19089.688,0.84962183,10.0,0.017342139,0
22.902588,175.03105,14.796248,18047.324,0.4661704,10.0,0.0066723726,0
27.03293,243.63086,14.749639,19722.232,0.5611953,10.0,0.010169627,0
21.012142,114.92546,15.965797,18101.326,0.3533309,30.0,0.017717091,0
35.10391,231.5525,15.455305,18642.445,0.26819286,30.0,0.009162816,0
45.284176,151.8286,15.123563,19370.934,0.45411107,30.0,0.0022867373,0
26.20435,128.6778,14.850326,25688.568,0.68158466,10.0,0.003013041,0
21.063473,337.6216,15.846788,20623.062,0.7938255,10.0,0.019680487,0
21.555666,307.92822,15.146672,20623.062,0.81059355,10.0,0.004581408,0
22.85184,90.0,14.906964,19089.688,0.8110961,10.0,0.00085221673,0
37.491493,210.09276,14.920211,22422.459,0.7659515,10.0,0.009716765,0
37.48152,30.057106,14.580261,24283.459,0.79469174,10.0,0.015209144,0
33.524143,120.87242,15.138809,17811.975,0.8496916,10.0,0.0037729242,0
36.01168,207.02098,14.998516,17557.598,0.21478145,100.0,0.0070533482,0
20.037634,143.02771,15.274784,20340.365,0.37751937,40.0,0.007321132,0
36.87974,61.66205,15.472484,17557.598,0.33075863,100.0,0.0049545974,0
15.661142,216.06383,16.229301,17449.002,0.25947323,100.0,0.0018864621,0
16.911554,244.79027,16.08688,19790.332,0.7771564,10.0,0.01893571,0
30.342043,185.37929,15.377873,16370.331,0.68707633,10.0,0.011600795,0
38.19662,207.79031,15.441509,18204.367,0.3945929,100.0,0.009701805,0
52.86027,68.41932,14.878441,18659.506,0.72244275,10.0,0.0100294,0
4.299448,257.5658,17.53615,15794.851,-0.08215569,60.0,0.014863793,0
16.697342,257.53384,15.572146,28701.984,0.5627212,30.0,0.005120397,0
28.281591,228.55382,15.37259,19878.342,0.7205062,10.0,0.010240794,0
27.576614,44.52957,14.898068,19576.125,0.36993408,30.0,0.004192352,0
34.89115,267.3391,15.5180235,18101.326,0.43048963,30.0,0.012958178,0
24.791418,278.0588,15.633846,19691.213,0.30656782,30.0,0.0024846173,0
27.407015,334.87457,15.8956,17549.19,-0.0800202,60.0,0.022720806,0
34.364445,161.2492,15.081114,20913.465,0.82501125,10.0,0.018922282,0
12.056875,9.85733,16.086737,24034.137,0.8057632,10.0,0.019217439,0
24.32027,21.366064,14.749627,18787.973,0.5555972,40.0,0.008577382,0
32.84803,298.44885,15.088319,24116.514,0.82015145,10.0,0.004104819,0
37.022068,135.0996,15.825277,16092.782,0.28108603,70.0,0.004767846,0
23.214293,280.87778,15.698591,19140.043,0.8382252,10.0,0.014552708,0
24.95118,213.38293,15.04045,16746.91,0.46983942,30.0,0.0100294,0
28.11073,20.048365,14.662813,22088.53,0.39435834,60.0,0.00026949457,0
20.606346,304.03375,15.208541,19009.473,0.50762296,10.0,0.009524261,0
33.40103,87.18575,14.52797,25688.568,0.5710141,10.0,0.005928881,0
34.47564,58.758526,15.920738,16637.377,0.21330954,100.0,0.016169675,0
20.126799,228.50406,15.197048,22209.299,0.41382754,30.0,0.012737718,0
18.428782,157.37376,15.468665,21680.863,0.771427,10.0,0.01666732,0
44.778507,101.28918,15.18348,14809.951,-0.050094552,70.0,0.023248497,0
38.488205,176.03918,14.792787,19577.6,0.78619754,10.0,0.015103723,0
24.680435,265.96,15.7544155,19370.934,0.6562937,10.0,0.0062914146,0
42.278465,248.04521,14.4229965,18813.666,0.57418835,30.0,0.00053898914,0
45.001045,202.68053,16.378809,14529.241,-0.059971284,70.0,0.014283213,0
10.717653,284.86728,15.404509,18047.324,0.39910978,10.0,0.012106277,0
27.185024,271.80615,16.107925,16983.965,0.20754951,30.0,0.01943353,0
31.290276,21.219036,15.545824,18101.326,0.81325024,10.0,0.006817734,0
35.248478,226.59163,15.033152,19839.297,0.6833535,10.0,0.0035034297,0
17.655329,203.72636,15.110053,18047.324,0.45115712,10.0,0.0075458484,0
16.568869,209.47853,15.216154,20381.895,0.50965804,10.0,0.009701805,0
25.740269,193.17372,15.151832,18900.357,0.3862972,30.0,0.002708387,0
6.3644977,209.45131,16.341822,17987.164,0.47865468,40.0,0.017302308,0
20.862074,230.4212,16.28022,15858.572,-0.08454485,60.0,0.0013474729,0
3.8501687,195.81769,17.581705,16637.377,-0.07824665,60.0,0.018325632,0
9.01103,324.74857,17.152369,21109.633,0.6936918,10.0,0.014293379,0
5.588905,145.80478,15.945694,14749.416,0.6276832,10.0,0.012577056,0
23.510403,194.65154,16.446453,18311.408,-0.019127136,60.0,0.014822202,0
24.824352,36.40201,14.659072,19091.73,0.7317568,10.0,0.004192352,0
22.495995,256.43604,15.65095,19691.213,0.63959247,10.0,0.013183217,0
14.787265,115.42087,16.070288,19839.297,0.26704195,60.0,0.00053898914,0
43.795376,237.29854,15.244397,19370.934,0.5822552,10.0,0.017912775,0
37.020645,217.41698,15.16386,18918.188,0.6616156,10.0,0.02049754,0
19.363317,137.4755,15.240706,18678.152,0.6654798,10.0,0.0029644405,0
42.384823,160.06453,15.080346,18681.396,0.61390126,10.0,0.010568862,0
49.42654,176.40752,15.1116085,19691.213,0.22612673,30.0,0.014824652,0
35.93439,100.29256,14.309201,17357.686,0.7884034,10.0,0.0036256788,0
28.17944,276.942,15.094696,20631.844,0.75267035,10.0,0.0019056145,0
28.60682,191.6191,15.167114,28701.984,0.81263745,10.0,0.0139773935,0
22.998251,187.42268,14.863758,17987.164,0.8066219,10.0,0.0,0
30.058338,66.94521,16.165016,14266.9795,-0.050294228,70.0,0.019658333,0
19.235437,28.181234,16.18147,17741.926,0.74573326,10.0,0.011433687,0
21.369974,297.06952,15.83146,19798.672,0.7320521,10.0,0.01680834,0
23.643715,134.63058,15.528502,16345.739,0.79974806,10.0,0.014101547,0
57.441444,137.21075,14.44847,18054.812,0.41740188,30.0,0.0024254513,0
6.2281904,222.12733,16.697819,18528.613,0.7227182,10.0,0.01600716,0
34.942276,246.80516,15.548915,17858.617,0.22216678,100.0,0.014552708,0
34.859066,201.6275,15.732172,17449.002,0.37060976,100.0,0.00080848375,0
15.356795,110.71118,16.498457,18054.812,0.24164021,100.0,0.006479089,0
14.605855,100.740395,15.613177,24495.953,0.391726,30.0,0.016448002,0
31.59714,1.8276203e-10,14.89463,24116.514,0.7968644,10.0,0.00210482,0
18.083792,160.37425,14.850208,16202.257,0.5967189,10.0,0.01590018,0
17.209724,353.21375,15.17636,19127.525,0.41196263,30.0,0.004767846,0
43.46576,240.31148,14.916531,19691.213,0.7869308,10.0,0.010920351,0
27.17215,91.80716,15.073476,21541.99,0.802838,10.0,0.008893321,0
22.719017,211.72679,15.541149,18204.367,0.19470592,10.0,0.0007622458,0
27.190123,12.351941,15.766655,18049.291,0.68338895,10.0,0.021829061,0
31.41942,197.44858,14.4506,19089.688,0.65202844,10.0,0.0019056145,0
16.275536,176.39674,16.448988,17557.598,0.19916356,100.0,0.014844235,0
24.74659,18.517603,14.927774,18378.709,0.656688,10.0,0.008196358,0
28.639727,140.41502,15.42867,18973.291,0.81644386,10.0,0.009447698,0
21.164614,262.79422,15.267649,16746.91,0.71564215,10.0,0.01600716,0
50.852886,217.75336,15.057389,17811.975,0.14352582,70.0,0.018540366,0
42.062065,132.97589,15.435144,19370.934,0.341044,30.0,0.007622458,0
29.526342,128.96051,15.590559,16637.377,-0.0022020147,70.0,0.0067373645,0
36.148888,175.68501,14.97463,18659.506,0.7902163,10.0,0.006080075,0
29.165003,209.51976,15.389632,19878.342,0.7475188,10.0,0.012127256,0
27.977055,232.44778,15.246615,24116.514,0.8206866,10.0,0.016928894,0
28.013552,86.51112,14.754795,18973.291,0.76343197,10.0,0.0070068594,0
26.732279,303.1198,15.578033,19798.672,0.84971553,10.0,0.013912291,0
20.051514,37.02949,15.492653,20913.465,0.7891584,10.0,0.008623826,0
25.085619,78.02536,14.841084,18786.32,0.35684893,30.0,0.0032451446,0
31.024843,185.22942,15.01154,18678.152,0.5871475,10.0,0.00800358,0
27.506128,108.11245,15.462393,19149.54,0.89084107,10.0,0.009466897,0
30.341885,5.375417,14.873144,18771.488,0.8231849,10.0,0.0061983755,0
36.576717,110.42897,14.686567,18936.65,0.8082722,10.0,0.0013474729,0
51.78072,328.65735,15.353713,16637.377,-0.039409067,60.0,0.0040424187,0
33.46568,208.16391,15.747143,15685.598,0.16963333,100.0,0.0070533482,0
24.292923,227.04599,16.12912,16435.785,-0.08001931,100.0,0.008209638,0
21.431538,101.899605,14.966633,19722.232,0.35076457,30.0,0.019942598,0
38.03025,69.39969,14.261446,19127.525,0.71842927,10.0,0.0049545974,0
51.91453,254.54922,15.47039,16814.41,-0.05101973,70.0,0.013741582,0
41.865734,154.57716,14.317409,19089.688,0.59424496,10.0,0.0055295667,0
34.861614,201.6412,15.642573,18204.367,0.49119347,100.0,0.0024254513,0
34.367123,161.23228,15.196681,20631.844,0.64489836,30.0,0.0003811229,0
28.890936,130.19353,15.232266,16345.739,0.77495664,10.0,0.01326012,0
31.859188,283.5582,15.033539,21109.633,0.81455785,10.0,0.020798279,0
27.709694,70.182495,15.167474,19577.6,0.7872565,10.0,0.013517779,0
33.145348,128.2962,14.281939,24599.621,0.844078,10.0,0.007889336,0
15.333756,290.74533,15.575973,22422.459,0.397888,30.0,0.010863674,0
29.250412,226.07497,15.515704,18311.408,0.31849888,30.0,0.00026949457,0
22.998722,7.432746,15.108917,18528.613,0.5071987,10.0,0.007815343,0
25.918772,2.1613052,15.328548,18266.062,0.5450187,30.0,0.004581408,0
20.01766,224.68964,15.442803,18528.613,0.57005334,10.0,0.013388214,0
45.77731,254.46513,15.42367,16983.965,0.17832899,60.0,0.014055118,0
46.879013,136.68974,14.016786,20869.682,0.73707014,10.0,0.003233935,0
35.68659,284.35486,14.738553,22422.459,0.14570862,60.0,0.0016169675,0
43.961193,193.20259,15.426915,15794.851,0.058277074,60.0,0.018218312,0
29.172098,318.93298,15.610695,20217.814,0.4991672,10.0,0.018612694,0
65.11085,134.30406,14.921451,14809.951,-0.04746121,70.0,0.012712034,0
30.530096,230.85292,14.666033,19062.879,0.70187855,10.0,0.011398697,0
46.820805,114.21346,14.719421,19839.297,0.8570286,10.0,0.006860212,0
32.760654,265.6718,15.8193445,16983.965,0.18487625,60.0,0.013141834,0
37.841953,148.6872,16.04802,15554.464,-0.06322231,70.0,0.022746366,0
45.283382,314.84982,15.401666,16814.41,-0.095481455,70.0,0.014252672,0
2.2910357,113.867256,15.452798,22628.705,0.78284526,10.0,0.00763198,0
21.80777,39.765244,15.405898,20614.018,0.8175925,10.0,0.018319687,0
40.98017,130.70937,14.034921,16370.331,0.77158964,10.0,0.0019433531,0
30.143635,307.82715,15.742169,17549.19,0.19334303,100.0,0.006991294,0
41.46701,212.5804,14.808543,18681.396,0.6485083,10.0,0.007276354,0
18.989569,32.142307,15.486204,24495.367,0.8171096,10.0,0.02152754,0
24.619577,126.90783,14.947281,21541.99,0.75526756,10.0,0.009739163,0
32.017647,124.71803,16.13049,15554.464,-0.01707986,70.0,0.014101547,0
39.151386,261.99973,14.710132,20132.086,0.49184686,30.0,0.0066723726,0
32.853233,110.544975,15.108734,18692.38,0.8094144,10.0,0.008893321,0
23.086048,226.87505,14.860139,18528.613,0.61629903,10.0,0.013150121,0
17.791218,16.571253,15.306864,19577.6,0.8124545,10.0,0.00097167655,0
20.183218,213.20667,15.620338,18681.396,0.50393444,10.0,0.0040424187,0
19.51923,100.524536,16.032366,16637.377,0.6153065,10.0,0.0045734746,0
50.90725,178.29129,14.908163,17858.617,0.25612426,100.0,0.0037729242,0
22.255116,29.50901,15.929733,19696.367,0.7554491,10.0,0.013985185,0
30.795008,134.92464,15.850531,17557.598,0.056928713,100.0,0.017870152,0
10.419972,116.112625,16.483488,17494.824,0.62487984,10.0,0.0060561374,0
35.634468,142.22052,14.833553,25688.568,0.5762515,10.0,0.0140370205,0
25.918745,182.15953,15.202088,19642.3,0.79205954,10.0,0.014975754,0
11.672524,314.84674,15.857528,22422.459,0.4034566,10.0,0.012201887,0
17.334806,304.7838,15.730766,22422.459,0.77091235,10.0,0.016045682,0
30.23191,180.0,15.336234,19395.494,0.33748683,30.0,0.010846948,0
31.307974,295.2047,15.718802,16637.377,0.34566143,100.0,0.0074343393,0
34.013668,159.30803,16.024889,16637.377,0.4427328,30.0,0.00157141,0
12.686613,257.54178,15.637664,22415.598,0.6986244,10.0,0.01221973,0
58.04791,223.36928,15.03317,18054.812,0.1937083,100.0,0.0059104776,0
27.473095,261.0449,15.983438,16637.377,-0.043460242,100.0,0.01563301,0
23.659254,225.41113,16.14787,16435.785,0.18701182,100.0,0.00800358,0
42.657337,190.31125,14.881137,18935.898,0.8847021,10.0,0.005120397,0
47.557762,218.31831,14.596043,19696.367,0.84403056,10.0,0.0017256073,0
50.238636,222.20242,14.731661,18642.445,0.35531968,10.0,0.004387054,0
33.998135,147.14397,14.699736,25576.104,0.68199605,10.0,0.0150555605,0
43.73088,3.287217,14.469593,24034.137,0.7539479,10.0,0.0116258105,0
31.340462,190.41307,15.785964,18642.445,0.28687924,30.0,0.018293899,0
40.087173,258.9116,15.521973,16814.41,0.01835345,60.0,0.008089328,0
19.562033,24.339289,15.636192,20381.895,0.83081627,10.0,0.019292876,0
14.231456,343.21423,15.2771225,22422.459,0.5006032,60.0,0.00080848375,0
51.02523,310.90753,15.118012,18049.291,0.7850816,10.0,0.016225724,0
33.551487,245.48325,14.455087,17357.686,0.6541824,10.0,0.012222701,0
33.39099,335.32117,15.822632,16637.377,-0.09926522,60.0,0.0075458484,0
39.064873,283.8469,15.148818,19878.342,0.8274238,10.0,0.017266592,0
15.064053,195.78003,15.137423,18378.709,0.74593127,10.0,0.007276354,0
36.612366,348.64212,15.086788,17961.56,0.7978894,10.0,0.011111546,0
13.511284,262.2566,15.695504,18900.357,0.39894566,40.0,0.0040424187,0
47.39295,116.53042,15.385003,17127.527,-0.038115397,100.0,0.015287732,0
42.046886,127.6082,14.265115,18935.898,0.5311421,30.0,0.00053898914,0
22.2537,18.293447,16.158722,17858.617,0.07766581,60.0,0.020772072,0
24.400436,177.68027,16.16388,14809.951,0.0012691878,60.0,0.0022867373,0
9.423607,192.75323,16.611256,20913.465,0.79886395,10.0,0.02048868,0
58.5723,198.26573,14.498979,19696.367,0.30346444,30.0,0.013956593,0
20.732037,340.2002,15.746028,18049.291,0.8468086,10.0,0.011638298,0
22.953808,294.86224,15.011919,20005.668,0.78453934,10.0,0.008765827,0
25.00162,13.604551,15.264475,18771.488,0.78909343,10.0,0.0110097695,0
19.966541,20.66075,15.179529,18900.357,0.7240673,10.0,0.003430106,0
24.540146,186.9087,15.291965,18528.613,0.66705245,10.0,0.014844235,0
25.947437,344.74207,15.3290615,20005.668,0.8101775,10.0,0.004122474,0
24.84439,235.98582,15.453678,18771.488,0.8263189,10.0,0.009280949,0
37.834423,284.4846,15.241357,19798.672,0.7469639,10.0,0.004775456,0
34.976086,166.3709,14.7570305,19140.043,0.771417,10.0,0.008244948,0
19.962498,206.95972,14.905832,22209.299,0.5663242,30.0,0.0013474729,0
41.78608,146.4329,14.83913,21109.633,0.5443745,30.0,0.013741582,0
26.742073,258.886,15.555672,17741.926,0.55308753,10.0,0.010486076,0
32.72413,104.59098,14.772369,19722.232,0.7485423,10.0,0.020925349,0
16.898338,105.45187,15.886211,24495.367,0.8240368,10.0,0.022637546,0
33.52796,75.85886,16.205345,15685.598,-0.06831208,70.0,0.010510289,0
30.489927,265.269,15.467456,19370.934,0.3902803,100.0,0.01715053,0
33.47809,242.28523,14.491587,25688.568,0.7707112,10.0,0.0021559566,0
19.53524,68.59308,16.424189,15858.572,-0.060179703,60.0,0.015546825,0
50.21844,326.68417,14.948636,19696.367,0.69447327,10.0,0.013912291,0
27.239117,253.56027,15.035884,24034.137,0.34068772,10.0,0.007622458,0
23.236645,230.13814,15.672789,24116.514,0.54408425,10.0,0.012103277,0
13.161035,231.46022,16.40478,17961.56,0.829889,10.0,0.024889981,0
35.158806,294.43674,14.8631735,18786.32,0.70185024,10.0,0.008798906,0
11.665458,218.36636,15.963687,19127.525,0.351693,30.0,0.016604016,0
60.57237,241.65077,14.614082,16092.782,0.36315298,30.0,0.005928881,0
27.220821,84.582664,14.707748,16370.331,0.6228286,10.0,0.00026949457,0
10.030372,111.47448,15.452232,16370.331,0.40886027,40.0,0.005012889,0
36.17495,67.89238,14.448107,20869.682,0.50391656,10.0,0.00420964,0
19.176903,192.19011,16.550583,16092.782,-0.055950064,70.0,0.0074343393,0
30.205011,318.66058,14.195086,21680.863,0.6054875,10.0,0.0018864621,0
42.52823,239.21599,14.790613,19009.473,0.8887162,10.0,0.00231828,0
24.662172,9.188288,15.373963,19009.473,0.708288,10.0,0.0073557706,0
16.533009,260.58405,15.472079,18528.613,0.44374877,30.0,0.018025944,0
36.894375,282.45337,14.415184,19089.688,0.8124002,10.0,0.0026949458,0
19.19262,251.00233,15.268926,20435.473,0.8149891,10.0,0.0006026082,0
31.359528,125.75807,15.39493,19642.3,0.7550375,10.0,0.01858536,0
25.739807,13.168674,15.304142,28701.984,0.83794767,10.0,0.0064902892,0
53.71463,113.83356,14.458317,18692.38,0.7026937,10.0,0.0045734746,0
37.476463,252.8065,14.591831,19576.125,0.4342903,30.0,0.0040424187,0
41.566906,294.82455,14.736479,20005.668,0.8555225,10.0,0.0026949458,0
31.212675,188.70288,15.554644,20631.844,0.8762684,10.0,0.005148687,0
39.683796,300.48062,14.535305,19790.332,0.81594723,10.0,0.00026949457,0
19.51497,214.69954,16.042711,19395.494,0.26221877,100.0,0.021807425,0
32.81677,314.6574,16.261976,16637.377,-0.051257852,70.0,0.013992973,0
5.5873227,325.82883,16.883574,17741.926,0.36642966,30.0,0.014013719,0
34.84078,180.0,15.169708,20913.465,0.8047428,10.0,0.012666246,0
27.398878,205.08292,15.370295,18049.291,0.51908755,30.0,0.0016169675,0
51.23915,238.67552,15.106083,16637.377,0.24743275,100.0,0.011101738,0
44.814827,186.35387,14.543415,19149.54,0.5190203,30.0,0.0049545974,0
43.340958,248.88612,14.977396,19790.332,0.6719309,10.0,0.0045734746,0
38.039234,6.720532,14.568849,19576.125,0.735557,10.0,0.0010779783,0
40.758823,116.791405,14.880589,17105.393,0.7870793,10.0,0.0016169675,0
43.524654,36.76933,15.508367,19077.982,0.5817767,10.0,0.01699526,0
25.967855,281.5032,15.966932,16092.782,0.22645333,70.0,0.0006026082,0
11.040402,174.62172,15.285514,16370.331,0.6156237,40.0,0.003811229,0
28.132116,141.92273,15.249842,18692.38,0.68136257,10.0,0.01998807,0
35.13717,82.067474,15.548921,17494.824,0.6057105,10.0,0.0093394555,0
30.769573,197.90233,14.629112,19976.455,0.5301947,30.0,0.008084837,0
12.769178,1.1106409e-09,15.361529,18047.324,0.66665405,10.0,0.004613004,0
47.046783,25.279041,15.304462,17557.598,0.28881633,100.0,0.003811229,0
33.549603,129.39691,14.143982,24599.621,0.6643635,10.0,0.0053357207,0
16.257582,289.45474,16.184856,16983.965,0.60857683,30.0,0.00943231,0
34.95318,86.01609,15.773711,16637.377,0.023349019,70.0,0.008958415,0
18.179445,350.3669,15.496015,18786.32,0.4048615,30.0,0.008765827,0
12.880383,73.550896,15.701829,20614.018,0.7510589,10.0,0.0048509026,0
46.92867,50.536346,15.146272,15554.464,-0.032640673,60.0,0.015077253,0
26.73001,334.1617,15.765859,17179.07,0.40191615,30.0,0.0160253,0
32.06548,197.04333,16.013163,14809.951,0.24798407,100.0,0.014711541,0
22.465551,225.19862,15.79878,19798.672,0.7372517,10.0,0.017912775,0
20.606016,317.0462,14.746673,19091.73,0.7437982,10.0,0.0024254513,0
42.696373,256.81583,14.163725,19149.54,0.5341506,10.0,0.0024254513,0
32.29418,198.62048,16.129663,17549.19,-0.07810409,60.0,0.02029636,0
22.997156,139.7139,14.765215,19062.879,0.64195544,10.0,0.003811229,0
28.894068,310.1873,15.940491,16983.965,0.5140406,30.0,0.010262048,0
15.637311,66.11961,15.803477,17987.164,0.71594095,10.0,0.0076272204,0
33.207478,57.038857,15.222939,19976.455,0.77480453,10.0,0.014552708,0
13.098131,326.60303,15.389856,19062.879,0.6132567,10.0,0.0067373645,0
5.0301623,303.48618,17.35841,14240.55,-0.06286206,70.0,0.0148833245,0
44.774837,156.01729,15.11654,16345.739,0.21233915,30.0,0.018293899,0
14.332289,134.18181,15.868585,19696.367,0.7902749,10.0,0.0016169675,0
11.815828,211.66013,15.500277,18528.613,0.5153127,10.0,0.012803121,0
44.246265,184.31705,15.037209,18101.326,0.37308654,30.0,0.010863674,0
29.489996,249.91087,15.56505,19140.043,0.80597436,10.0,0.016171921,0
27.557903,280.72638,14.960517,18900.357,0.7864151,10.0,0.011218876,0
33.53039,235.81516,14.699301,18678.152,0.7166063,10.0,0.005148687,0
30.150898,12.737638,14.688711,22209.299,0.753257,10.0,0.0035137795,0
23.489092,248.1309,16.098759,16983.965,0.32468346,30.0,0.013114173,0
31.289837,201.21649,15.586939,18266.062,0.7543774,10.0,0.011049278,0
32.363075,184.98041,15.72903,18311.408,0.23172629,100.0,0.013498962,0
21.364466,214.14323,14.754589,18787.973,0.59841245,30.0,0.0062914146,0
28.12512,276.95792,14.715779,19062.879,0.7205521,10.0,0.0047065206,0
35.63947,142.2069,14.755902,19127.525,0.75975776,10.0,0.009909195,0
22.438894,314.87646,15.029636,24034.137,0.7199814,10.0,0.008075849,0
33.856388,295.74286,14.704472,19576.125,0.1370968,60.0,0.00026949457,0
9.125232,127.20557,16.136189,20614.018,0.709539,10.0,0.0037729242,0
33.453465,75.81801,14.846188,24495.367,0.6736464,10.0,0.013161162,0
20.822123,50.3217,14.932068,22628.705,0.49041006,10.0,0.014068031,0
38.345425,244.54883,15.006141,24116.514,0.82599455,10.0,0.015998084,0
27.379316,194.31139,14.639151,16746.91,0.75287664,10.0,0.004581408,0
17.096203,180.0,16.029844,22088.53,0.36789823,60.0,0.0042610834,0
37.141937,237.70433,15.521725,19691.213,0.71994084,30.0,0.009569904,0
24.104107,79.577446,15.2899885,19839.297,0.81268394,10.0,0.0025566502,0
38.69979,113.83573,14.977652,20132.086,0.59319204,10.0,0.008384704,0
25.660366,293.85004,15.207909,18528.613,0.62474,10.0,0.0123409685,0
31.173145,103.934784,15.780947,18054.812,0.4152284,30.0,0.0093394555,0
24.105204,115.7314,15.532283,19696.367,0.7577458,10.0,0.006817734,0
36.786472,101.23559,15.031602,19798.672,0.73780036,10.0,0.0019056145,0
25.966911,184.32178,15.624114,18642.445,0.77010024,10.0,0.0011433687,0
31.375057,262.37268,14.471391,22422.459,0.69202214,10.0,0.00026949457,0
15.975329,253.577,16.481144,18681.396,0.8615463,10.0,0.010402631,0
21.890545,313.22684,15.087471,17823.441,0.6851347,10.0,0.011318773,0
19.69773,30.78316,15.81236,20132.086,0.40244323,30.0,0.004006325,0
22.12684,58.831406,15.309129,22088.53,0.5833828,10.0,0.019298522,0
14.411502,90.0,16.532568,16092.782,0.2780594,70.0,0.0074343393,0
27.757633,213.85352,14.945728,22415.598,0.81330127,10.0,0.006479089,0
50.90602,206.57133,15.410496,16814.41,0.35025185,30.0,0.0093394555,0
18.800556,183.09138,16.466406,15705.965,-0.08830659,70.0,0.010565425,0
48.164455,121.446236,14.74586,19149.54,0.32474467,30.0,0.016786722,0
33.61224,176.84457,14.540881,22628.705,0.6688555,10.0,0.0018864621,0
37.892853,98.3718,14.688896,19009.473,0.83397835,10.0,0.0049545974,0
38.993492,1.2972603,14.960602,19878.342,0.74675226,10.0,0.005928881,0
43.460125,172.20695,15.286628,16092.782,0.09998077,70.0,0.0045734746,0
34.924103,355.49097,14.887107,20005.668,0.7691421,10.0,0.0040424187,0
36.390274,129.566,15.227412,18918.188,0.7184989,10.0,0.018128395,0
14.487174,308.79333,15.662524,20381.895,0.63370264,10.0,0.015151733,0
23.195452,79.11223,14.880656,25576.104,0.45173377,30.0,0.0076272204,0
29.717857,200.63113,14.205635,19722.232,0.56484765,10.0,0.004387054,0
23.989954,289.1098,14.772445,16202.257,0.60929,10.0,0.011049278,0
22.247192,161.76282,14.74433,19722.232,0.53210646,10.0,0.010101554,0
29.456902,18.941877,15.600234,18101.326,0.61624724,10.0,0.007321132,0
40.897594,156.31584,14.461571,18973.291,0.6624458,10.0,0.011588267,0
13.375869,90.0,14.924912,24034.137,0.5183079,40.0,0.0024254513,0
24.235115,102.46028,15.209736,21680.863,0.4148098,10.0,0.012938547,0
18.58701,305.28506,15.194739,19577.6,0.5564941,10.0,0.007241335,0
25.213396,63.45256,15.3385105,20869.682,0.5593772,10.0,0.011572588,0
47.447845,213.6759,14.303279,24495.367,0.43366078,30.0,0.0074733137,0
66.00105,343.43927,13.945407,20005.668,0.9747009,10.0,0.014229722,0
40.153145,274.40176,13.691291,19722.232,0.6979086,10.0,0.00080848375,0
24.59112,126.96435,14.309029,19722.232,0.8139977,10.0,0.0032451446,0
32.636677,289.18344,14.908984,20623.062,0.82549363,10.0,0.0035034297,0
28.963047,328.0155,15.07356,20132.086,0.5008903,30.0,0.009280949,0
24.3258,206.46286,14.867575,21680.863,0.48667538,10.0,0.0015244916,0
41.929012,101.434944,15.381716,19077.982,0.40831274,100.0,0.014863793,0
11.672025,218.4082,16.173964,19370.934,0.6792208,10.0,0.0013474729,0
8.544531,194.14552,17.136463,15858.572,-0.022552991,70.0,0.00080848375,0
26.046038,186.45102,14.72186,24599.621,0.6171798,10.0,0.0013474729,0
26.891602,351.69077,15.5778885,20913.465,0.7941134,10.0,0.0075890366,0
20.511564,5.6165075,15.188258,20381.895,0.8417573,10.0,0.015094102,0
33.84382,298.8698,15.623758,18204.367,0.3092602,30.0,0.0007622458,0
35.14234,56.50107,15.474742,17494.824,0.39259762,10.0,0.012916074,0
16.115726,333.69116,15.18523,19062.879,0.550631,40.0,0.0048583825,0
28.881088,183.80338,14.283964,18787.973,0.43035102,10.0,0.0016169675,0
30.758968,233.24538,15.483955,19798.672,0.6572167,10.0,0.011961431,0
25.756802,307.15042,15.166507,22422.459,0.7562096,10.0,0.011078817,0
25.784351,232.90283,16.03622,18204.367,0.17549454,100.0,0.010973427,0
0.92740995,180.0,17.55547,20623.062,0.057040438,60.0,0.00026949457,0
38.7461,218.1198,15.4445,18054.812,0.24398372,100.0,0.010101554,0
33.10595,248.13658,15.306241,19790.332,0.7922307,10.0,0.017120862,0
32.890926,312.51956,15.041651,19009.473,0.7821082,10.0,0.0053898916,0
33.771847,241.04422,14.561282,17357.686,0.74094665,10.0,0.01293574,0
31.148787,268.46524,14.959906,18973.291,0.7070167,10.0,0.020000784,0
31.357023,208.76126,15.561834,18266.062,0.7475648,10.0,0.009436159,0
20.93752,120.510826,14.626385,20869.682,0.6941593,10.0,0.0036256788,0
31.134651,51.949432,14.344366,17823.441,0.67983973,10.0,0.0053898916,0
8.286381,218.91884,15.9742365,25576.104,0.065930836,80.0,0.0016169675,0
43.739826,266.12018,15.435945,14809.951,-0.06653908,60.0,0.023991073,0
34.74708,343.1016,15.100052,19149.54,0.807483,10.0,0.0070533482,0
31.003963,165.86502,15.741452,18054.812,0.5507659,10.0,0.006080075,0
21.090017,274.81546,14.560359,19091.73,0.6290713,10.0,0.0010779783,0
30.570385,328.1611,15.029597,18266.062,0.82603574,10.0,0.0061983755,0
29.827625,253.60017,15.1318655,19790.332,0.7365028,10.0,0.004006325,0
30.244194,1.7984885,14.879449,22628.705,0.5003355,30.0,0.012856897,0
30.223429,318.6125,16.093557,18311.408,-0.03921177,100.0,0.01657994,0
36.513077,195.82324,15.642735,15794.851,0.25630638,100.0,0.004192352,0
42.025917,264.84732,14.050313,18786.32,0.6222908,10.0,0.0035034297,0
24.737806,317.54492,15.069104,22209.299,0.75608057,10.0,0.011857762,0
46.874027,265.65222,15.302718,15685.598,-0.036600877,100.0,0.0056593865,0
33.787884,217.02829,14.630185,18900.357,0.7146634,10.0,0.0035034297,0
37.050934,226.67383,15.361573,18681.396,0.49180716,30.0,0.008678395,0
27.437988,278.96863,14.907765,22422.459,0.70939463,10.0,0.004581408,0
23.003626,197.59212,15.7906,16983.965,0.792796,10.0,0.0033767575,0
28.802334,271.6872,15.706703,18659.506,0.35618547,30.0,0.025230508,0
32.98122,285.92587,15.669055,16814.41,0.41227847,30.0,0.0026678604,0
52.08441,54.548763,15.550088,16637.377,-0.09925541,70.0,0.007550659,0
40.524437,244.17952,14.867375,18935.898,0.7996019,10.0,0.0053696414,0
24.74405,42.47303,15.043376,19577.6,0.80965465,10.0,0.011814809,0
21.813679,316.71878,15.17935,19062.879,0.55919486,40.0,0.009119117,0
27.1104,27.705786,15.009365,19642.3,0.66175556,10.0,0.00053898914,0
28.50351,289.14185,15.381664,22415.598,0.78624445,10.0,0.019345507,0
29.746143,96.50608,15.182137,19642.3,0.8335996,10.0,0.010465276,0
27.561462,315.508,14.858731,17357.686,0.65862066,10.0,0.010240794,0
30.75273,330.5284,14.381881,22628.705,0.7141851,10.0,0.0035034297,0
15.456975,276.72382,16.508705,18681.396,0.880462,10.0,0.0066723726,0
42.268154,122.296455,13.762625,25688.568,0.66384923,10.0,0.0016169675,0
17.269281,297.94614,15.347043,19277.285,0.56313574,10.0,0.026079781,0
28.268457,252.48013,14.762841,22422.459,0.6512405,10.0,0.0059104776,0
18.765306,220.3297,15.381075,18786.32,0.54486704,10.0,0.0037729242,0
16.367449,214.2333,16.55394,15685.598,-0.07429587,70.0,0.009447698,0
10.710877,255.12288,17.045366,20614.018,0.42252085,50.0,0.009768946,0
25.0384,200.66473,15.291312,22088.53,0.7006678,10.0,0.01262892,0
22.53495,167.24815,15.225162,18692.38,0.5406547,10.0,0.014147824,0
23.799183,113.81245,12.31387,14662.095,0.20180513,100.0,0.015909314,0
41.15559,129.02673,15.196623,16814.41,0.32327223,30.0,0.00026949457,0
37.332737,211.89989,14.685885,19089.688,0.8161205,10.0,0.0017044335,0
12.328975,137.78584,16.756485,17127.527,-0.037305783,70.0,0.0028647666,0
33.45113,131.4194,15.732758,17811.975,0.12837744,70.0,0.014919878,0
36.055473,65.00939,15.082968,20623.062,0.8532867,10.0,0.014822202,0
18.808462,334.56015,15.641868,17357.686,0.73524743,10.0,0.009558514,0
17.678291,239.47633,15.895901,24495.367,0.116260946,80.0,0.0006026082,0
36.33972,83.68324,14.158967,16202.257,0.7005698,10.0,0.009701805,0
18.593903,195.7704,15.156465,19722.232,0.588998,10.0,0.010101554,0
21.774895,55.435528,15.264202,20614.018,0.74984545,10.0,0.008084837,0
18.365297,109.957664,16.583477,16092.782,0.22197007,70.0,0.004767846,0
41.373726,23.231266,14.3412285,24034.137,0.737617,10.0,0.01190666,0
23.624231,45.317,14.954326,22628.705,0.5107244,10.0,0.012654772,0
30.1548,192.77731,15.939068,16435.785,0.0924889,60.0,0.010482612,0
44.910522,106.995186,14.928494,19149.54,0.87947255,10.0,0.009716765,0
23.002405,17.581423,15.319377,18659.506,0.75030226,10.0,0.008384704,0
25.87536,317.24188,14.506587,25576.104,0.7180201,10.0,0.0070533482,0
30.546837,196.24939,15.560202,17811.975,0.12529787,70.0,0.015909314,0
22.98536,276.57416,14.910656,22415.598,0.48699388,30.0,0.0032451446,0
36.285225,271.2634,15.701836,17858.617,-0.030736214,60.0,0.017342139,0
19.6644,256.9091,15.547603,19696.367,0.66641337,10.0,0.015697915,0
18.213127,46.46769,16.364014,17494.824,-0.061858788,100.0,0.018128395,0
30.771431,233.26656,15.935167,16435.785,-0.07365872,60.0,0.012582829,0
44.247612,86.188484,14.947061,19790.332,0.55562997,10.0,0.017517148,0
23.217573,129.90584,15.474302,20340.365,0.85763705,10.0,0.018912684,0
14.499754,97.19168,15.821562,18918.188,0.8089245,10.0,0.0141066965,0
43.446754,343.14612,14.8765545,21109.633,0.7368957,10.0,0.015771767,0
32.536095,207.36395,15.539472,18101.326,0.82401025,10.0,0.008594301,0
35.83375,54.349224,14.711879,20631.844,0.5262055,10.0,0.00210482,0
16.725075,77.556076,16.22218,19395.494,0.45681363,30.0,0.01448267,0
22.355541,190.25395,14.903783,24599.621,0.49333552,30.0,0.004183681,0
36.330475,151.70241,14.966591,18642.445,0.5427778,30.0,0.003811229,0
37.84835,255.52284,15.630212,17858.617,0.39484358,100.0,0.005549233,0
39.048405,67.7184,15.2648115,18681.396,0.71340734,10.0,0.004387054,0
27.750278,26.841585,15.013388,18384.043,0.80173516,10.0,0.016388284,0
37.01751,274.92624,14.647561,22415.598,0.8267536,10.0,0.0016169675,0
22.993132,55.094074,15.219343,18973.291,0.83316034,10.0,0.012317406,0
53.01783,181.58366,15.085285,18642.445,0.31117862,30.0,0.012582829,0
27.987898,93.49265,14.286759,19722.232,0.7145397,10.0,0.008196358,0
38.451313,177.3507,15.450093,16814.41,0.2035495,100.0,0.017089017,0
22.994345,43.549213,15.111907,18678.152,0.6408351,30.0,0.0016169675,0
39.532856,65.67559,15.577299,17494.824,0.7439674,10.0,0.006606741,0
27.883932,284.16724,15.216326,22415.598,0.8321337,10.0,0.014252672,0
31.414799,197.41548,15.081634,18771.488,0.6598096,30.0,0.0035034297,0
47.817104,157.5436,15.141792,18101.326,0.6218024,30.0,0.013909681,0
15.360816,340.53192,15.219332,20869.682,0.4638897,60.0,0.0021559566,0
58.244335,95.173706,13.218152,19722.232,0.6431109,10.0,0.0019056145,0
26.285347,238.3726,14.867595,24034.137,0.54047865,10.0,0.011814809,0
29.551914,211.0695,14.780334,24495.953,0.54232746,10.0,0.004387054,0
31.849564,283.56335,14.142028,24599.621,0.5868819,10.0,0.0024254513,0
24.817415,81.95086,15.026939,21680.863,0.67598516,10.0,0.010262048,0
32.937077,145.54507,15.294461,16983.965,0.5807681,10.0,0.005983751,0
35.350582,68.58497,15.538717,17811.975,0.41571212,30.0,0.0210482,0
26.055456,22.022394,15.779,19149.54,0.6965662,10.0,0.013469338,0
34.307945,263.18774,14.322553,19140.043,0.55650294,30.0,0.0075890366,0
40.33639,197.60388,15.46326,17811.975,0.30936417,100.0,0.014614957,0
41.865032,157.10956,15.451454,18054.812,0.6442698,10.0,0.0022867373,0
29.275066,36.048443,15.600491,18101.326,0.64479405,10.0,0.014374448,0
12.116815,25.201641,15.780583,18771.488,0.568738,10.0,0.008765827,0
43.204144,246.64532,15.176928,17858.617,0.3228835,30.0,0.004006325,0
37.296677,2.752749,14.195692,24034.137,0.7483184,10.0,0.0061983755,0
12.0573015,350.13068,16.037073,28701.984,0.42064393,40.0,0.0057295333,0
24.166306,319.253,15.825121,18681.396,0.8155018,10.0,0.018422473,0
37.998287,29.510147,14.619515,20913.465,0.65840673,30.0,0.0010779783,0
22.249592,53.591747,15.977374,20005.668,0.82120955,10.0,0.017065626,0
18.187977,46.38705,15.197156,18047.324,0.57902056,10.0,0.0066723726,0
18.291832,146.35663,15.437291,20869.682,0.8056972,10.0,0.0075458484,0
29.852652,350.81775,15.440322,18935.898,0.8171118,10.0,0.011049278,0
22.361887,258.65338,15.911162,19370.934,0.7009031,10.0,0.0,0
29.547491,358.14987,14.251,24599.621,0.604878,10.0,0.0018864621,0
35.930016,16.151628,14.729339,20623.062,0.7921161,10.0,0.0062914146,0
43.243835,176.64429,15.377883,17557.598,0.019729497,60.0,0.018719692,0
24.570662,67.07938,15.353376,19642.3,0.79548067,10.0,0.004581408,0
28.148293,208.66823,15.36769,19839.297,0.72664857,10.0,0.005120397,0
32.933926,358.3815,15.364481,19691.213,0.7628099,10.0,0.00988351,0
24.198627,142.4177,15.167657,18384.043,0.82100266,10.0,0.005786294,0
34.23795,321.71396,15.52916,19149.54,0.603757,10.0,0.0056849946,0
22.729546,128.1902,14.163578,22628.705,0.55103093,30.0,0.0013474729,0
37.12894,199.81517,15.380301,18101.326,0.33424142,30.0,0.011318773,0
31.11687,270.0,15.128091,22209.299,0.75569075,10.0,0.021888867,0
44.412888,199.64233,14.334881,20005.668,0.62950844,10.0,0.007815343,0
22.697771,148.36989,16.177557,18771.488,0.7179348,30.0,0.0057295333,0
34.911343,93.99012,14.683884,19089.688,0.5646128,10.0,0.007241335,0
33.88403,132.4483,15.756389,16814.41,-0.014078611,100.0,0.014674469,0
23.633171,152.6049,14.907789,18528.613,0.77331924,10.0,0.00314282,0
33.27683,142.11905,15.019296,18659.506,0.76690096,10.0,0.010061934,0
17.080858,230.78874,15.8186,24116.514,0.8113587,10.0,0.019322969,0
26.463991,321.3019,15.127521,20381.895,0.6009173,30.0,0.013125244,0
38.755566,341.40207,14.316861,16746.91,0.68407696,10.0,0.006360301,0
22.038385,309.7787,15.250528,21109.633,0.60217434,10.0,0.008384704,0
38.75467,194.5391,15.136447,20913.465,0.5558039,30.0,0.0072813425,0
23.05737,37.000362,15.031666,19062.879,0.6631598,10.0,0.017568897,0
25.292713,234.38293,14.982571,22209.299,0.6096878,10.0,0.006145422,0
40.408848,335.88138,14.295037,18973.291,0.6046559,10.0,0.003811229,0
38.662968,249.88222,15.113564,19696.367,0.48458877,10.0,0.0051133004,0
22.866787,90.0,15.882747,18311.408,0.48327786,30.0,0.01125765,0
33.791412,217.0384,15.013619,22415.598,0.81841004,10.0,0.008728463,0
36.99193,256.3276,14.8619995,22209.299,0.4998922,10.0,0.013912291,0
23.381454,30.554901,15.167136,24116.514,0.4797165,30.0,0.0029644405,0
44.96727,256.88608,15.509471,14240.55,-0.045003008,70.0,0.013477424,0
10.826591,120.522385,16.372377,20381.895,0.8122069,10.0,0.021827398,0
17.29886,267.02063,15.430756,17823.441,0.42549258,30.0,0.00701204,0
3.141755,270.0,16.20213,25576.104,0.2344728,80.0,0.0017256073,0
26.710861,130.04672,15.408776,17811.975,0.8243993,10.0,0.00026949457,0
20.195,243.89043,16.067825,17858.617,0.24586624,100.0,0.014552708,0
18.284159,272.8082,15.72056,19839.297,0.4201375,30.0,0.0040424187,0
55.067104,139.24782,14.232148,19149.54,0.38875625,30.0,0.0026949458,0
38.539875,5.273823,14.652755,20381.895,0.77504945,10.0,0.01945034,0
7.180026,154.09209,16.35657,16637.377,0.22905783,30.0,0.004581408,0
23.599945,74.96749,16.107153,16637.377,0.14555617,60.0,0.008628037,0
39.2211,226.03938,16.204805,14809.951,-0.07694881,70.0,0.0027483164,0
32.19522,248.90306,15.9415,15685.598,-0.067916475,70.0,0.0075458484,0
22.15542,203.88327,15.41369,22415.598,0.72360796,10.0,0.015920723,0
20.252846,277.56302,15.286086,24495.953,0.5779671,10.0,0.010482612,0
29.360779,22.95808,14.697019,17357.686,0.6740034,30.0,0.008623826,0
27.384548,180.0,15.290616,18528.613,0.7751864,10.0,0.022073893,0
6.792835,197.95576,17.592064,13868.116,-0.06508268,70.0,0.0013474729,0
25.581375,57.245876,14.824093,24495.367,0.79634726,10.0,0.0116258105,0
34.56693,79.16647,15.346813,17961.56,0.297314,30.0,0.020017117,0
13.733863,338.01572,15.384602,20005.668,0.8167042,10.0,0.0010779783,0
25.966663,175.68658,14.985345,22088.53,0.4937499,10.0,0.0026678604,0
20.438778,17.132294,14.99918,18047.324,0.69695157,10.0,0.004006325,0
28.947962,174.29659,15.147151,21541.99,0.5540919,10.0,0.011814809,0
63.751537,147.79352,14.3648205,18659.506,0.30487528,30.0,0.0210482,0
38.97986,294.8407,15.611806,15685.598,0.03266878,70.0,0.0,0
36.293846,58.061646,15.175876,20623.062,0.7543917,10.0,0.009971299,0
22.88789,274.39825,15.605831,18681.396,0.49956197,10.0,0.008774108,0
11.040437,5.38017,15.544076,18787.973,0.7213502,10.0,0.009809751,0
19.836626,305.68665,14.985513,18900.357,0.6466746,10.0,0.0049545974,0
18.825579,323.8223,15.113511,18047.324,0.55230457,10.0,0.0093394555,0
11.927419,175.03725,15.55407,18384.043,0.52699137,10.0,0.00026949457,0
36.78349,229.49237,14.958051,19798.672,0.8671093,10.0,0.010482612,0
10.327434,315.28946,15.710728,18900.357,0.57136625,30.0,0.005349315,0
42.7037,83.95892,15.967966,15858.572,-0.02398132,100.0,0.010130272,0
23.344717,103.00534,14.841801,19722.232,0.72315407,10.0,0.0013474729,0
34.71864,257.8626,14.722883,24116.514,0.61552125,10.0,0.0032451446,0
22.148947,295.94128,15.555566,21109.633,0.8123679,10.0,0.013531204,0
39.141037,244.05054,14.725172,20005.668,0.7459707,10.0,0.008196358,0
23.6015,22.143532,14.627625,18378.709,0.6408344,30.0,0.0056593865,0
28.605516,348.396,15.149531,20614.018,0.7215404,10.0,0.013455851,0
26.89762,257.0925,15.000606,18900.357,0.46409342,30.0,0.006860212,0
18.594313,15.77521,15.232193,19062.879,0.45609528,40.0,0.012103277,0
39.33466,9.010373,15.078002,19798.672,0.7973338,10.0,0.0026949458,0
33.471745,255.82805,15.225267,19140.043,0.8051499,10.0,0.009059188,0
39.980522,349.91962,15.240026,18642.445,0.573597,30.0,0.007815343,0
18.061659,206.68332,15.229624,19127.525,0.46437192,10.0,0.007089296,0
25.14749,180.0,14.940523,18973.291,0.43460485,30.0,0.0037729242,0
28.352552,147.13423,14.901475,20381.895,0.5726117,10.0,0.012882292,0
24.598175,306.95032,15.761191,22209.299,0.77201176,10.0,0.018771995,0
